event_id,n_hit,arm_1,arm_2,energy_sum_MeV,energy_asymmetry,opening_angle_deg,opening_angle_z25mm_deg
2513,2,1,9,37.97001824803209,0.03316243452142402,153.77809292276427,162.16162504564934
87944,2,15,16,33.24017675250058,0.4935536734171129,41.87010757281197,29.161784327998834
123036,2,2,10,41.689142726361325,0.04876586150088817,138.28763191167909,104.71213449320048
196304,2,1,10,38.156691281059416,0.03901468813443004,146.6866445793502,129.26707507828314
202034,2,8,16,48.28284855918296,0.1569976655477873,131.39086051867238,100.2559579339171
447278,2,1,10,43.67979254225331,0.03577411222559381,130.06935533346223,104.33587083982532
512684,2,8,16,39.79992004810898,0.05288322926823431,142.2771403208602,174.0795652565696
651043,2,2,10,38.514678004626745,0.06537513168908862,165.85688713458987,126.17426857158254
623419,2,6,15,36.61030940010199,0.021557894736965594,132.189479332959,104.23287541305741
620495,2,8,16,41.96084498898663,0.001931757488401499,136.55131671028272,173.03852582383936
724616,2,10,16,43.142707050183006,0.1227260062893919,101.34466562925925,79.4086274996358
785468,2,4,11,39.001080123228405,0.04811055395336724,122.21871289901297,96.39219355766599
812171,2,1,9,36.805268709854076,0.02819468338061587,175.25247411025376,135.42838767825967
822476,2,2,9,37.73103411606769,0.011905463176018777,120.79911153929517,142.55567140670954
855325,2,7,15,43.00805894948937,0.05653526848613004,173.28508063893904,136.207315329122
831933,2,8,16,41.281006962303806,0.05626923581279642,152.67465452922855,157.0649453740989
969838,2,1,9,54.09212566553256,0.11305168626293331,140.24944138596553,169.50487840827077
901349,2,2,9,38.11874871224849,0.017029740209420018,142.8616434860757,121.92843839662578
966115,2,8,16,42.380230061843505,0.07881860104566817,149.01855292612737,114.10087118470673
1100208,2,2,9,46.34167766302316,0.2583353688329862,115.21692209518253,143.12166444234572
1122632,2,2,9,39.75135457367162,0.11196332168043614,155.6123827468837,139.40085341959988
1104292,2,7,16,36.615935350771764,0.028694077260455895,114.88863941327885,89.66894833995954
1252091,2,8,16,45.448880017144376,0.03851691121826103,143.90474265104007,108.89521512843301
1274044,2,3,11,41.72732054544879,0.10655362985866124,166.2636317502202,131.15716579848018
1231097,2,1,8,53.957125546745296,0.030190002398348376,145.21064754081524,118.49602709749183
1217987,2,7,15,40.547198719771934,0.05303197765736871,160.9266124341545,153.66385237027163
1296819,2,2,10,37.04691086455125,0.01084491227375875,136.66972182816585,175.15555019277815
1314686,2,1,9,46.24960444134212,0.008133644146661994,139.91093926185033,106.03061755704607
1353470,2,7,15,46.06291182629951,0.239080218940295,163.61527574852357,144.02656731811774
1364394,2,8,15,40.093099367004996,0.010319037594097436,136.19244842489064,136.17242996524004
1450905,2,8,16,42.72550991235535,0.017776757575887203,168.02436477284178,147.4077674085099
1420585,2,3,11,43.32702996220394,0.09503460195201485,157.49043393093277,119.43076041103588
1547788,2,3,11,37.68105601449486,0.02863617542785187,140.78622332879132,175.86382883940726
1500513,2,2,10,42.23263458866809,0.19369169183460438,172.67269688784162,134.75917254997887
1552696,2,1,10,45.829409814911926,0.09612340500639599,121.76394034926585,145.40313515187987
1554349,2,2,9,89.31065050842848,0.5221772639531407,141.21936720169768,141.51715801243608
1646600,2,3,10,39.96376178844355,0.05001931134462247,132.06077641208697,143.4166123590212
1691285,2,2,10,67.88640769135336,0.4699929270243519,128.85768836751566,98.71708401102875
1910783,2,1,9,45.865374779485364,0.1099840075507467,162.12702668633915,126.57284653870242
2170976,2,8,16,41.70018104671101,0.055631283852885675,161.84611474805058,123.80631941495662
2154466,2,2,10,21.150953079354423,0.7552773504256165,152.0384019551027,163.38774116598256
2139860,2,3,10,49.74870556459763,0.2703483542279894,133.6930494395504,107.20811862779009
2180812,2,6,15,39.53147312790592,0.007707380102283505,109.67126860574889,85.30630094199105
2203461,2,8,16,36.31171843726312,0.022345939637742084,166.06946196439202,125.97984926487734
2237843,2,10,16,44.0124139509319,0.07500650219569452,124.55756081589867,106.89368367577165
2287601,2,3,11,41.72020306204141,0.020310363277133543,168.09236355073878,147.86733056269605
2373446,2,7,15,39.57178351834442,0.0669760172804414,164.2870136167977,150.06555783699366
2310508,2,4,12,31.945393309498165,0.5389007033080506,170.15030777776954,133.5885529821192
2369407,2,2,9,40.346779060779866,0.12684554856825156,139.47449750409487,119.3918181805757
2401763,2,2,11,40.48164438244584,0.01281878609792163,135.49779413214438,133.89775496676472
2466285,2,2,9,38.776932983704384,0.04623773464467437,117.06828080931528,145.0125917335342
2496186,2,2,10,35.950058517439984,0.030699569457941042,150.9196323037886,159.10095259710243
2538205,2,2,10,35.481557873636234,0.32597532742975577,131.5648293443591,99.91943868982665
2560870,2,9,15,29.897817292534715,0.528801615602474,120.28369555661489,96.03698049753336
2617426,2,8,16,42.2086540881521,0.15501014947134892,156.26056373202698,154.0729048508581
2600949,2,8,15,45.94552480903832,0.20194555288772786,142.3745962668916,124.29998590379464
2613514,2,1,8,46.1229838004647,0.10066924135645382,140.4943121461535,135.14476260721693
2673128,2,8,16,35.429716344075445,0.007659823096320482,164.39823170106538,150.2821464515441
2758260,2,2,9,38.89720311399854,0.025499955393411617,126.57493035677349,98.80852095257782
2824127,2,8,16,49.93456741746998,0.06551656583705483,144.08239193983945,171.8536690790699
2899148,2,2,9,39.734374244838634,0.0702531823825711,138.80517594984605,138.3674072927182
2967530,2,1,3,24.019851926944796,0.707082101092513,29.70470508496083,37.87155566451008
2986890,2,2,10,40.36933115965023,0.0020246967448268637,164.15253671968983,152.19927369732847
2983786,2,2,10,38.602131732472365,0.03880866366370675,164.6556976476016,149.3099243410685
3016083,2,2,10,39.02376074072231,0.09773538465356493,150.3914955576245,113.83211528191582
3074138,2,1,9,47.93896603605584,0.18687145141587685,160.73272422049126,145.3398594295353
3152209,2,9,16,36.731263452512195,0.02058801295040128,121.25970327814933,95.05812404801013
3202825,2,8,16,65.3047555649223,0.14497130540276273,151.50599515160394,155.41492522060463
3344899,2,7,15,43.427427589350025,0.08048081889361908,157.0678983160129,157.14243870145563
3418485,2,8,15,64.54259422092431,0.2552200318154318,150.95464854754042,134.08466211473532
3403340,2,7,14,44.06259720915544,0.05226097445079344,139.39740000399098,111.5084032242793
3499902,2,3,10,40.189274596240324,0.07654570340513468,132.69985436900794,146.14453044578045
3548993,2,8,16,38.75720714631022,0.0750708840584455,168.4634991294691,148.06875326007057
3512100,2,3,10,37.73111625452374,0.014839377214493719,151.10942640217348,128.34629633831295
3588436,2,2,11,52.7404995846062,0.016553078146330828,131.18327399759357,103.23710806813533
3661833,2,3,11,38.648059265244754,0.09786592240024024,139.67206414340586,106.55029184688499
3646138,2,2,11,39.178347045314666,0.02804949672453297,117.85796536599214,141.29778421450408
3667944,2,3,11,69.37033033413215,0.25539625139365835,156.2055969370592,120.56160045995492
3689460,2,3,12,50.74007843506729,0.20690669434707434,157.22217400447872,134.18291792164058
3686849,2,1,10,43.915118613810066,0.03523453898171064,107.52629985662475,132.99083059286832
3756604,2,2,10,40.798934947394635,0.12104293529223782,136.90180197041065,104.2465249067281
3782125,2,1,2,54.74069513203839,0.9929550322983257,18.846526844486934,20.64674841780839
3839521,2,7,14,36.235086115877095,0.008819853559666276,127.56644252295467,146.9223550999999
3904130,2,7,15,38.199130988140595,0.0007192820843270441,138.64574266959974,177.18600846316372
3964955,2,2,10,44.40747242148106,0.10643111387609576,173.82188339263845,144.7193208617522
4030894,2,7,15,35.49534430743739,0.019428147268807313,159.7669197563989,121.9529763894031
4077498,2,7,16,39.724283562747175,0.011402933123841375,134.22955323993776,106.08887072990761
4061340,2,3,11,36.984294149550195,0.006300712884962214,158.48781604968977,121.0114657839085
4089983,2,2,10,38.84335020439024,0.051413017596881355,121.71807636847392,93.05534365184324
4090589,2,3,11,36.53675119289459,0.013192273788271366,120.02543176486486,158.821233273833
4175669,2,3,11,38.62236954182728,0.034033106773933716,132.1794937776253,172.40407465499763
4194651,2,8,16,41.832387025692796,0.10946466701192284,169.64219988688075,129.87454950361197
4199943,2,14,16,28.674512668016714,0.8923528737815055,58.04503790168731,67.30125519816367
4329918,2,7,16,38.21757086810928,0.06389865934094263,117.15839885188782,138.95718351133777
4340097,2,9,16,18.723057071016214,0.509137649736256,141.71007119228707,109.4683502288665
4466368,2,3,11,38.52816990235625,0.03218267478032739,156.03938674761048,159.64823347409725
4503224,2,1,8,39.04725709054371,0.12441310273084473,135.9572752455917,111.60082831492875
4524708,2,1,9,38.76641396387567,0.05151947020583443,157.53491467379035,154.8256360967439
4592720,2,1,9,50.59396191424122,0.17426041910665258,134.58207997739586,102.32049963841366
4643469,2,1,8,38.91691549016999,0.06724813380912033,124.41338190131056,97.00348279376642
4607233,2,3,11,34.98179425766908,0.4034313682413894,156.54187835204687,120.30377941016009
4646848,2,8,16,39.73459691364213,0.08944316317569453,168.10023459249084,146.02836421914265
4600348,2,3,11,58.059728772627594,0.19002213795496925,166.0335183342089,144.75260372810374
4720050,2,1,8,36.99595351186508,0.8757242885971085,140.57447996428675,131.24884611629366
4727068,2,7,15,38.42600258264778,0.11553384672401062,155.67423429659087,118.16723460876898
4717821,2,8,16,40.768441897218196,0.08619646693732057,131.3569204518929,99.80765017072167
4731868,2,1,8,52.56860586162484,0.2769396843844695,138.74548322938764,146.47113619377197
4785709,2,1,8,51.656099133212535,0.21701377336092323,142.17512679230055,124.29449934895077
4830523,2,2,10,44.312597567028206,0.05627959476524607,146.0088443952512,169.99776138880472
4883942,2,2,10,41.95576057627463,0.12025860266604818,160.53181668033054,145.9557708751258
4881099,2,8,15,37.065387274936285,0.015930661381455238,124.63204289185683,98.41853042429275
4902994,2,8,16,39.720563081513475,0.0784166340757712,178.8890086235927,138.0287178738019
4971033,2,3,11,39.11655253368779,0.05468051750729313,164.59485498920833,128.20999518194162
4971857,2,2,11,49.12253570491014,0.050651985987099774,115.71710901394461,90.25417625836039
4968773,2,2,10,58.28283464700796,0.02481285743095725,167.4701644498384,145.73471258295325
5092261,2,2,9,48.26965884990575,0.1566304502325921,139.5361322543482,122.49461084050485
5102965,2,7,16,75.13851656334968,0.39143973492243134,141.855244903135,115.32050252609349
5145578,2,7,15,38.33756721934949,0.008518467560712843,173.0602511025977,132.6817550659232
5209480,2,2,10,36.0516327426965,0.07002063857763882,125.61514483365825,95.77152065070472
5222083,2,8,16,53.97671117830055,0.3436002916695265,170.99605555179127,136.0277346169575
5389227,2,8,15,43.575916272773384,0.024857892450522463,143.72109142756554,141.48733608358162
5388202,2,8,16,55.597991862035556,0.28272301700195673,124.37199389313524,162.22074382962563
5468643,2,8,16,47.73065447741509,0.10532345626025003,177.57280116385053,139.80656915448776
5425302,2,8,16,37.761164117561194,0.01900459087269488,135.6744191205076,166.768012721962
5500583,2,8,16,43.23288482862604,0.16233852090725773,171.23204495749602,132.00118654037942
5578308,2,9,16,45.512646821908795,0.1074969485177109,129.09704149156227,101.30772044159492
5609868,2,5,12,27.253186734112724,0.8403613379915938,123.40416058048412,151.27394582151373
5639941,2,2,10,42.72957074217099,0.03983949117935649,168.08597873563798,129.01222236334456
5608044,2,1,9,46.559347116739126,0.16101168903396273,135.87835557484578,177.0844632261472
5617316,2,7,16,44.5360945160575,0.1477955159423587,134.66009502433675,143.18386630107452
5758948,2,1,10,56.888958908731645,0.1092733200295844,121.96567165928914,140.8379223451361
5763084,2,3,11,37.59545019667355,0.015493291786382504,167.19890671020153,127.11285996939112
5718230,2,8,16,35.3279959846122,0.015884880723740703,149.32131884064762,113.19250116741757
5797156,2,3,11,42.784491789880235,0.1766778228496673,112.47327548485987,87.55281422458319
5871344,2,1,8,59.798956797646866,0.14354611193892614,143.03277895929918,114.20388448589861
5832797,2,8,16,39.73268497413456,0.031908371506234906,170.4797447747185,130.40592121223435
5876714,2,3,11,39.0390401619467,0.10597280940584475,150.23423729325728,165.85384818249437
5878445,2,3,11,36.99366364079254,0.05998554446362441,171.12895440740022,144.8087930499996
5950911,2,3,10,73.18721370941472,0.19171183805224312,142.30363045952728,131.6820767791286
5922683,2,1,10,24.75690775183058,0.6610301757223066,69.31633864082983,87.07677041725263
5951016,2,1,2,36.62418134681987,0.26076450647390115,16.670972780082884,21.31762510581891
5981579,2,3,11,40.8742354904209,0.007648505370367718,168.2628046190734,141.09050000404642
6105518,2,1,9,37.615585160150495,0.057064306560781354,157.14840256044718,118.71566799566479
6193256,2,7,16,41.0999098399541,0.20379114138211957,130.60152816361642,103.476135716946
6195462,2,8,16,39.2467405002169,0.013338178936593262,171.39726890852316,145.3991460809121
6344386,2,8,16,38.63901537061375,0.05459670490864813,145.7519349415441,166.2256763293134
6374388,2,2,10,37.59929070595723,0.01977758641803661,165.43961596562303,140.29890194886096
6309740,2,9,16,41.947262115886616,0.1581194941110251,142.3170371018265,128.29962236416694
6369457,2,2,3,46.53934971680501,0.06373820363037037,16.543480453218617,20.47223598907896
6372824,2,4,8,21.741030042625006,0.814427552588818,57.109673830361125,46.571882806545275
6390969,2,2,10,36.070327809992676,0.01878817095711781,166.61306119911745,126.5131752414244
6477402,2,3,11,39.43877818875275,0.13271303636189774,168.39168628425327,136.2455733863835
6412197,2,7,15,35.66886600163175,0.0024957967531819875,168.31313162612378,140.74621560047018
6454488,2,9,16,53.693046918282036,0.29201330237063716,140.69248510311186,119.5606907457229
6465227,2,7,15,47.23180263898354,0.15508382732066933,164.60693453083286,152.05468429425122
6434862,2,1,8,48.98011850277521,0.28796980143650985,126.29130297479863,134.9732293782369
6400884,2,8,15,25.203239668228353,0.8977731621261065,148.7993361223102,115.36725756222964
6400549,2,2,10,46.06261046260887,0.012748241114184588,142.51342552208777,107.32679093425354
6499629,2,8,16,41.59922612736452,0.035782348788159085,144.9128928643681,170.6332255664329
6499867,2,15,16,30.30306514092174,0.3032817352854276,29.25046001041621,34.92462351285431
6578729,2,1,10,60.22288064838588,0.06581999057743534,116.0035107682573,89.92317395866647
6558723,2,8,16,51.64608428716521,0.16349388917548055,157.31359106565313,154.86332522989304
6569095,2,1,10,38.546853212294046,0.03481150505127806,118.4589826860347,140.52618545299944
6522629,2,3,10,49.685909771024555,0.18916233833955395,127.25690880283878,141.59499450331953
6519424,2,3,10,39.28548401825125,0.00797160792876239,141.05357642885838,113.19226110088222
6652927,2,2,11,45.94949819213119,0.22179058314216266,161.38831942299646,128.23921250977676
6688141,2,8,16,40.85554076800909,0.005661639699700494,150.19858921205258,114.31763376587261
6698448,2,8,16,37.39579137151246,0.08639817043369055,150.18647081475766,158.29896859357177
6743241,2,8,16,36.238396313604184,0.03596092090096061,133.84777645550383,175.92678891686583
6756800,2,8,16,36.91190723952053,0.00041500961387548027,152.13884428173932,159.52378630934328
6750208,2,2,10,48.13402585600658,0.0016418578203740294,128.43299251087498,97.29828254066742
6821125,2,8,16,44.27389689436427,0.03330649567311182,169.30157984699176,140.92376334619252
6944927,2,7,15,51.36065344300694,0.04135420483849466,163.42148917063545,129.58438349734084
6952023,2,1,16,41.39027138091832,0.10468492186449664,22.843544361154333,23.14807630988574
6920395,2,1,8,39.56548630181794,0.14036126623969974,136.8468367472035,114.89017913163829
6941848,2,9,16,36.67096105562306,0.020877851856304686,145.41903119904396,116.24293628200391
6932338,2,2,11,37.87381223848205,0.002072490982228315,133.67905584494184,131.34983162778693
6974329,2,1,9,43.03806703992777,0.016702333934199627,155.1860360002839,158.25877620496883
7002988,2,3,11,51.324465360656234,0.315331359738189,123.68527424658892,94.4306040234415
7005245,2,8,16,41.210775829977045,0.009958117935272908,94.60547668099774,74.55791125322327
7163250,2,8,16,40.13799728656538,0.02991407311114782,149.75061268183768,113.47612389876086
7199418,2,2,11,47.01560170367915,0.03290270481967037,147.510321550158,126.04912032458631
7212141,2,2,9,37.30283267987586,0.0431121817212938,140.62286041501304,109.75494512807474
7242586,2,1,8,39.85921678122081,0.14387943586339175,138.45577534808663,133.99483462285437
7217327,2,2,10,43.05916664354616,0.06800255700705034,156.8035930347191,156.85196920890067
7312988,2,2,10,39.843159123491546,0.11544130786458384,156.71857693647465,118.62895382461572
7351165,2,1,9,44.09085358065987,0.16520023334050776,164.93771661495484,126.39607577736693
7465641,2,7,15,27.113774199210873,0.7378957661946992,148.8016628029934,163.59968645252903
7465833,2,1,9,44.52187832044632,0.16244371109636555,146.55638146525956,168.69762386954872
7486858,2,2,3,26.219231163175237,0.30271607034628,22.664372251048576,18.513572694131874
7500372,2,3,11,45.52176287154976,0.17139738292843706,146.5590842306836,111.36002575258553
7578411,2,3,11,38.91284838370122,0.0739388551472165,133.02752669465178,100.97228829162117
7579137,2,2,3,21.16101567718978,0.8783652583634242,18.2051450679041,21.398154976020514
7579377,2,3,10,38.45282986035451,0.10684971431684276,140.69227666231197,117.42020061199185
7596790,2,8,16,41.39556967038085,0.027311617260779925,154.88642485275543,120.24655464010257
7655276,2,8,16,40.8804906029647,0.01429050361637981,145.58583130753445,110.21954597139282
7629202,2,1,9,43.70271847099569,0.15497262204937806,147.4761482701378,169.26222989435115
7695133,2,3,11,44.69935094483664,0.15887575032438647,132.7572643044638,100.8976869938421
7768008,2,7,16,38.22144207494682,0.02397170290976332,130.9255997995481,138.27186860856523
7799892,2,8,16,40.03325885785358,0.03264367524089951,145.02347718332774,166.16979002093265
7801449,2,3,12,72.76332716056719,0.038867885534400674,123.19239738963844,140.9363321110111
7826045,2,8,15,37.03715986641908,0.04742596078965279,139.54499528066916,118.26987906189464
7976583,2,2,11,46.96646174449181,0.06600693138474051,145.3250154589238,132.55073533354724
7951997,2,8,16,51.677882011625584,0.12220012567467742,122.78266217026945,155.73252707505173
7942384,2,1,16,51.674665385920534,0.001756457106351461,37.426429690269956,47.26995194438968
7910720,2,2,9,36.952143733976115,0.0755996334261369,139.48380488724757,123.0014268543235
7932408,2,1,9,27.650613804148172,0.6567595401222112,163.8117239580666,134.59622860696672
7991464,2,1,9,46.88958376641517,0.20221054646100123,169.53412791727385,136.29243505753723
8029253,2,8,16,34.886992572085035,0.02582803558295578,136.05454767489238,160.4996481897424
8045735,2,1,9,45.5578212035265,0.030325846550494643,171.88820639172735,133.34991272226614
8168013,2,1,8,43.4041136734528,0.14622239160865227,141.7826927663989,119.58495077831265
8240518,2,2,10,42.28333607168545,0.06154733188528034,155.68241953343204,118.11011003616969
8421260,2,8,16,72.38868461916522,0.09496370005434997,167.1185392703023,135.87391685499645
8433735,2,2,9,20.191106448666943,0.7398245586709018,144.59375115658762,110.68987716264814
8480460,2,7,13,37.22885945287773,0.7381100596849716,124.85713365498648,124.57174322962746
8540022,2,3,10,39.78202807113,0.0026294498263525643,144.2289017841271,134.68135155436278
8512470,2,2,10,36.10356127619042,0.0032995499110530235,151.10925839106082,159.8746697551366
8546771,2,1,9,42.5564233792275,0.14345303090564704,172.5780702185361,134.76774549062006
8576634,2,7,16,23.78647621410384,0.8632805649885824,138.0019570144619,156.34815701356422
8680092,2,2,10,39.22786904411478,0.13525813843659742,145.2217351545635,154.22701426317317
8758543,2,2,10,35.65265977459152,0.049644582813613634,131.10603693845093,100.34945633263446
8734004,2,2,11,35.97218598137006,0.05820369171490428,139.4576907199525,112.85382675209293
8780378,2,1,8,36.47842085472426,0.02231384670036586,128.36344496914157,139.92687285887132
8857802,2,7,15,41.48198019494973,0.04076850603223198,109.13285164915395,144.11323480781002
8853892,2,8,16,49.34883752354108,0.14257303020354845,131.10676738835625,99.68354353852003
8900213,2,2,10,55.04414093776059,0.22030895662380484,134.2961047544363,175.35749690401968
8996810,2,2,11,30.93449177220412,0.244833045068257,157.9499622672568,135.04222474314497
9002079,2,2,9,27.835306381437526,0.853182941269288,130.9160955814169,101.04968328368409
9014417,2,1,10,38.80448885239519,0.035619271440644,145.16194877204396,118.66210530123031
9028532,2,8,16,49.12648215709441,0.008906216603783556,172.3394996652955,132.56771173212826
9167483,2,2,10,43.55499039655923,0.11196654857632395,161.46535509356764,137.47102560591517
9226593,2,6,15,40.305824808549126,0.8147158493230917,100.08426696813329,127.03062741266717
9330202,2,2,10,36.85382259362025,0.014676534715488132,161.7977590754517,142.2399846146728
9337169,2,9,16,40.962880193009944,0.035561420268255504,144.0795310330403,121.66714909882198
9381800,2,3,11,61.76992909200038,0.0015901326629109563,168.84821670792982,146.63933656501695
9458168,2,2,3,35.55241231862103,0.5546328010528357,18.918841453549874,15.557597055870655
9485198,2,2,11,51.21681878336197,0.027844045649420463,142.38231941100443,122.77041991985277
9588769,2,1,9,38.304218154955024,0.05967749391590888,159.2038926888285,153.34371979035657
9664161,2,3,10,39.609716449168246,0.05265231590611513,134.2788328678274,106.03664754134509
9604704,2,1,9,40.660358978419254,0.03396217171612367,141.03807289652784,173.67605337883404
9608230,2,1,8,49.375016983955135,0.16379874441676542,149.53066725542095,119.79969634558766
9749463,2,2,3,20.283792040551734,0.9306917664542094,21.440945926184355,26.209613074658552
9781514,2,3,11,54.62836119377897,0.3464752447279446,149.26437494608734,113.12839687694874
9792642,2,11,15,5.125594065797232,0.08717394956249061,80.39985323343817,63.68694329540494
9877885,2,2,10,41.97723231628908,0.3505813340659171,124.19164438052891,94.72729079883277
9810914,2,9,16,37.18604381205135,0.017512312273697605,136.24572096156012,111.04575217297278
9800084,2,3,11,48.76046331579306,0.14309617994888002,166.11068860240167,135.2256514244804
9974082,2,2,10,71.46358315014322,0.1980318364443951,139.51922990673654,167.06786634986324
9974578,2,2,10,44.8615598544643,0.14247507948381924,151.38826164785962,164.83083302000546
9995218,2,1,9,33.5175169887101,0.02178730063353767,129.61374653053971,170.50718604180335
10010303,2,1,16,55.4000974854124,0.04007242156646495,11.298921605135416,9.260217409225312
10045027,2,3,11,42.5683087720709,0.05459880262777036,171.85817337763453,145.51933320790926
10055338,2,2,11,36.62509733973301,0.13798014534970396,123.51712107117989,146.60765947006993
10091399,2,1,9,36.010150691913964,0.01094751280808877,132.25434831577672,100.54302901003385
10136621,2,2,10,46.197321303344395,0.11180408279574933,164.20857836145746,126.98317319352998
10106453,2,1,8,37.356571955829224,0.029538506164383197,142.60559393397162,112.12433812460043
10143171,2,9,16,64.19144055765064,0.09971327903936077,142.70561503065218,120.59789179414413
10105001,2,1,8,47.6893776275241,0.06716875725493458,116.84106401486326,90.79331926722712
10155821,2,9,16,41.2318341531613,0.03352823321349053,134.2145942759223,131.77092788070817
10138299,2,8,15,41.59717583472853,0.10005938901072142,143.84022389109904,119.84383635753042
10239711,2,1,9,44.7120837154731,0.12261633101019352,174.10910079623304,142.02490368122457
10205526,2,2,10,39.603722721672916,0.04132157354282274,172.28181533428304,133.95850280297606
10296740,2,7,15,38.20176482800487,0.05025685055553146,179.3576227155821,137.1356415833367
10334875,2,8,15,41.419815349114266,0.06878502343752443,138.39796160164454,125.77818767067748
10362547,2,3,11,46.70492866692308,0.09727442860136809,161.7606638466878,151.4882784815211
10300084,2,2,9,34.11040894258754,0.1753377117138727,145.91356119630885,132.18971799682888
10313536,2,1,9,45.94840334640712,0.18592672709987773,142.08540313444533,173.98039751419319
10304396,2,8,16,36.75385717852727,0.1152767877492261,161.46092796526779,131.2612749628185
10404485,2,1,8,47.50924608574118,0.13995849731485102,134.42091832116571,105.89880157010491
10407521,2,8,16,34.99954125883142,0.0018130215433488652,174.08706424648625,143.15001020150905
10420104,2,6,15,37.40098471792264,0.020061000407950703,124.43095176824185,139.54472687632554
10466778,2,6,16,39.8210323601854,0.5359807551632516,116.03192622407775,93.16109951050338
10489331,2,2,10,42.90153038664698,0.019167503809097656,124.0994881912264,163.27765789509166
10546983,2,2,10,38.939864776766186,0.09910298146410058,144.96764857511525,109.49256835312133
10526908,2,2,10,34.74827080554168,0.0038379933729933693,167.49700060143567,137.53269780899276
10550137,2,8,16,43.694099596565806,0.17665618379332565,120.40341428265394,92.51471729954461
10639029,2,3,11,35.32426530998163,0.020577022471081688,139.9445259750413,162.99565763400616
10608034,2,7,16,40.712737574229735,0.0643409594486205,135.06854475412115,108.02966595013672
10638293,2,8,16,49.12219359534032,0.003151542317864801,163.78863455353337,152.03356124019422
10684430,2,1,8,38.68148186583899,0.05921086354286057,134.12401441869773,107.67520710607417
10698549,2,8,15,31.859806472337738,0.6242568048449141,152.98955323709995,126.66467815261424
10731733,2,2,9,76.92772514819103,0.0025760114556017616,140.79106841683185,139.69103088933127
10711412,2,7,15,41.62584453720281,0.032912345381315114,155.9469135074196,158.9628376289302
10844911,2,3,12,46.11125785066823,0.12902792510561886,117.79364434384219,91.41694028117975
10830002,2,2,10,54.93543956548232,0.20410282713199282,157.37712988767635,124.87053170294274
10842474,2,3,11,37.8544132294943,0.0721567899996232,132.02040987746446,167.4271366799141
10890814,2,3,11,41.721765329907896,0.021315523807960892,177.67410992129328,138.61089481679164
10941746,2,2,9,39.48438555979092,0.05515108333526572,149.46815166820898,151.68850170199573
10997218,2,2,9,57.95998029028577,0.027336691877463733,147.3361925445741,133.18462119196903
11032910,2,2,10,38.98756018523571,0.014404407986191619,128.8024040398779,164.44071822459105
11044436,2,7,15,43.95406028005373,0.17527869848597885,155.25721077366046,117.72517701168395
11048787,2,1,16,25.062402428719466,0.7414175788271017,9.374368971747405,7.630772899422775
11090379,2,8,16,52.15977076651598,0.26677553490992145,148.64821604142853,166.46874267419736
11176488,2,3,10,36.69812828273427,0.014408103743158976,140.30245282384254,112.81166376934583
11164394,2,8,16,75.66430802379413,0.2742231324139399,162.41572374843736,152.81827083787843
11246363,2,1,10,45.59314640407753,0.1975436444121114,139.43715972810665,122.1312752178343
11266938,2,3,11,46.65100683863295,0.004096785093474121,160.79614262241768,156.46831120536416
11362648,2,7,14,37.81119956626982,0.10394537634136826,142.5723852875298,115.96154585813748
11390644,2,1,16,38.29510090355007,0.3596703425592176,10.477693076511366,8.578937513977378
11388407,2,1,9,43.905718257957545,0.08262442351282467,168.05743084557375,132.66084981491653
11399950,2,9,16,42.79450061076602,0.01902086939576118,130.53992488820998,149.4174643823926
11407643,2,7,15,46.04792071259661,0.1257301660734377,165.7531023716752,144.61732126264613
11451990,2,1,8,47.14946360949706,0.7922158772367045,143.9612334341965,131.3874396596859
11513075,2,8,16,40.40733415252288,0.003057728172734568,135.5745223171883,103.03263434512519
11559732,2,1,10,39.79437501045112,0.023785636587192384,135.061050999823,109.56885426734998
11594309,2,7,16,36.62289260595833,0.009113173174485192,148.7710429350732,127.52820217857638
11604054,2,2,9,36.97127268351561,0.03607335184815586,133.52797586390955,106.15024347742302
11612448,2,2,10,34.57054102768711,0.03377605500415139,145.23968987208363,166.7748983762836
11691022,2,14,16,21.729610390324574,0.8517553561269363,44.98875761498639,36.71349168139825
11687114,2,8,16,45.01917220321635,0.19711029629398646,168.73742034779627,147.1979403748195
11709603,2,2,3,23.589019714255205,0.7528009938554012,13.986514842415833,12.288909841898397
11786654,2,8,16,39.41501120314869,0.059506990057690445,176.40417838879176,136.30429241575638
11813084,2,1,9,40.705945441775015,0.05652890286137337,167.79279472476958,128.35830946102573
11868172,2,2,9,41.63364714650958,0.05244028041217206,132.5427865172785,133.45725046596115
11810684,2,3,11,47.78753695572016,0.18615495824431322,172.0607694480161,146.39648469420766
11884163,2,1,9,37.513080174232584,0.06585906605295586,168.48810385361702,133.31511090037512
11915452,2,2,10,37.94816334114589,0.027658185301847885,125.27435612568091,161.84939202587046
11931110,2,3,11,61.16000606540063,0.1402512464965915,158.47480731309935,119.68066433339688
12036934,2,8,16,35.19622899676439,0.0010251906212239794,170.73499004009548,133.930720582465
12062385,2,7,16,41.13975130488959,0.012403111301552137,113.26492346578966,149.1070447444667
12029246,2,7,15,38.13516191615457,0.10943169776798742,161.60508442000372,131.10047650162596
12088086,2,7,16,52.47103919453372,0.21573546714648079,136.85932369815396,155.04130021412726
12105806,2,1,2,34.07525672687729,0.4463366527224723,17.788252066240855,13.58739189123798
12195107,2,2,10,37.61895633312112,0.049258118571366395,153.3701342413267,116.64367807454568
12284586,2,2,10,50.126496211742996,0.15995810749281078,126.84727375456332,159.02055700812323
12447104,2,1,10,37.336464151123145,0.046706154161253816,151.34757320874286,127.53585857004317
12413236,2,2,10,51.75000707070778,0.34801730242375034,135.35560110100633,176.35164334218229
12415901,2,3,11,50.67399549034713,0.2820693629918682,164.0182892183548,151.69355799349833
12523905,2,9,16,37.70224671344049,0.00021687801588190803,142.13733569356955,112.98412230742156
12589891,2,2,10,36.509645168439604,0.04439590727204796,176.92392359740907,135.20824982496737
12648564,2,7,15,45.75520445539493,0.1711106042538687,155.82694540038403,159.751216255679
12679854,2,8,9,27.23144294067962,0.01679171011312006,43.17969649614411,32.09959040700734
12748439,2,1,9,49.21263162733675,0.008338801448014462,143.70387666555558,109.66153000411283
12744475,2,3,10,37.13422067910272,0.24763287540082973,138.48715651172338,108.09475271200944
12747591,2,2,9,42.74226485186007,0.06620297348496602,127.64100548898573,99.54664560998482
12765453,2,8,16,36.61466470987298,0.025329547593894806,121.3196010511317,159.62908012561306
12798375,2,1,9,37.37186095724661,0.08827085308150434,163.09271589311868,139.00379363313886
12846147,2,6,15,56.71342619972666,0.22700242131242046,121.54782162766105,144.65999601288294
12872721,2,8,16,40.14901295125121,0.07271795359801368,161.17599543394988,129.1985650969952
12921047,2,1,10,38.056273564076534,0.016477044820706593,114.87576454640127,89.84077267753737
12962887,2,9,15,41.24784702223674,0.006898108523470636,69.35668060052778,56.650584396714294
12993309,2,7,15,36.20379849270417,0.02249448313502248,144.00917971422663,159.39467668381758
13035358,2,2,10,53.837452119526056,0.45034298976232034,167.8658632816319,130.66151067868535
13046014,2,8,16,40.94290822574776,0.013744850976822685,164.65731990358637,124.79950973868365
13016029,2,2,9,33.722787626754055,0.5623436644372631,157.30657938405645,122.76978414384469
13091976,2,3,11,39.15270372127793,0.06912018521799296,162.43859671238158,122.8273640110883
13152556,2,2,10,36.726956453645315,0.050538738675097,142.85404199482414,108.63994132347517
13141241,2,2,10,41.464238851345094,0.04156605063025857,140.2000487575903,106.51281768453363
13193729,2,7,15,39.93877657585213,0.16822398212445364,152.2718307791726,163.30844453893195
13262860,2,7,15,37.272004605578864,0.05397476423010856,140.9435808718358,173.79969906185318
13207946,2,9,15,40.057297438192265,0.5336720164542461,126.14052919342687,112.06126136786864
13251186,2,7,15,40.83798813523788,0.11805640457009176,117.30601395554245,154.53239749004265
13277725,2,3,8,20.043165016333617,0.39344852471730035,70.92916449304839,57.16877351233087
13374427,2,2,11,2.8913074083131254,0.0038412245712446955,124.6151349854129,154.2372322553773
13349347,2,2,11,45.93061660800153,0.07513419997784705,130.3725915504286,153.99146178872866
13397118,2,9,16,38.150583590078156,0.03833431679956958,121.78648902805787,94.34998626960726
13393208,2,8,16,46.15783693311683,0.08601388202882582,131.18840385521025,99.75889409100974
13420716,2,3,10,43.700087781615665,0.07612385211687372,149.00477563370097,136.74147784952956
13511646,2,2,10,38.36470719313847,0.021889908048637545,119.53070618746611,91.79871578561567
13611063,2,1,3,24.457689585678963,0.705314014103913,49.6394893068003,49.203568496776086
13736956,2,1,9,38.20191376036394,0.044077976348139286,141.43646884236003,107.14545691361162
13708990,2,4,11,42.81365171103852,0.05635495885136208,142.15917886988547,118.88220776846735
13788930,2,7,15,39.26508442570671,0.06035211123369224,156.18043328491123,153.86774358788122
13785359,2,2,10,43.52578678334248,0.08725980791110526,126.5685419029423,165.64916926925886
13864482,2,1,9,38.66080297889257,0.14884307645269368,122.72906963700672,157.55215533965554
13954174,2,2,11,38.5698431919307,0.0026358785104380945,149.96145050433103,134.17284521632033
14057637,2,8,16,39.780464308090004,0.03492758063073127,134.3047224105758,102.03768295698927
14122817,2,1,8,64.6463022179661,0.29025662545634107,142.70895448763036,123.13870796770355
14136936,2,7,15,37.15552094244133,0.06540550195609016,132.52817979199565,100.85723765102371
14270833,2,2,9,39.31804276781283,0.11430313206586795,143.19076238640324,126.74689256778092
14210128,2,8,16,40.84605459346816,0.07332781702484452,145.78643758038703,110.46983339391168
14274981,2,2,10,39.7295464251843,0.05091067966929331,176.4127544923233,139.41181414784825
14285461,2,4,11,37.47258342136471,0.027545762398539952,146.60082048457815,121.16057125380833
14322509,2,2,10,14.74592208969139,0.8030972271305536,130.3146240556178,160.906606255465
14336770,2,2,10,41.506154659350884,0.002394823959066264,147.94190739250016,168.39606306895737
14342820,2,2,10,41.525906637998716,0.15943377630943617,138.470591556823,105.03536337507099
14418479,2,9,16,42.58314428000884,0.042201200146624346,147.20104560390385,130.85331913091403
14425361,2,7,14,38.864393862716334,0.020728236325279967,144.38195628311308,121.63742398208275
14495898,2,7,16,43.36478351988028,0.08735759315363635,137.3106166126275,110.83944879623466
14496359,2,2,3,46.11248744585012,0.3102581305240694,51.22714826062439,38.78226099079774
14539213,2,8,16,37.481419928395724,0.037861972335342164,136.1398569710996,171.4218929668248
14561949,2,1,8,38.55311095359568,0.035010154233565224,149.24281837740477,118.80648605069747
14562773,2,3,11,39.36015437764303,0.06468771745737403,159.1223602734006,156.31968808935525
14630655,2,8,16,37.374411639605825,0.03485689314478541,128.13547883086113,167.17332059129834
14693929,2,7,15,48.62301208387723,0.22195788583196613,119.00660718995913,155.7625159844894
14862759,2,6,15,38.73939037852472,0.08812024921587668,137.92060094967212,116.68610368511362
14908349,2,2,10,51.61885893288557,0.16499625540938206,140.6944060558356,106.57856009155854
15069218,2,7,15,38.558689489492835,0.053499833712794195,160.09491262453622,121.23337607432804
15077899,2,2,3,48.44022769872627,0.09144894228757468,19.19678202940519,23.416559596517587
15091151,2,1,9,40.81625731886223,0.007983891236187932,173.81613240671206,134.74157814008606
15264732,2,2,10,34.93199464043139,0.027934511888448404,148.97478570620203,113.00061604788154
15298416,2,1,16,29.770615919694915,0.3934402137937269,19.78085607921573,23.760997837287768
15356920,2,9,16,48.76725975038144,0.21408391750854286,136.4758857834832,132.73594096106052
15352123,2,1,2,19.341695671534588,0.7797070658982977,29.04495792195327,28.23223137593787
15362274,2,8,16,61.17122214153612,0.4284605068530663,130.22839929327097,98.98857063259109
15375187,2,2,10,35.26623717568579,0.0008463672832328061,136.37416635957976,165.8687908145358
15322969,2,1,9,38.18068712316957,0.1257908806347595,124.43589251949398,94.92979629661201
15465317,2,2,11,45.644775550646216,0.0772135052897992,146.2619818137234,133.62775471634924
15449620,2,2,10,37.31514340425302,0.04268828122132708,136.3849559564364,169.9540444750119
15473249,2,2,10,46.9400503436806,0.06520540011446115,166.41948715593512,138.92802373841266
15490216,2,1,9,37.93830192166429,0.02292994609673378,145.52130334120918,154.34132161321583
15596592,2,2,10,39.357442929848645,0.08105622422848276,142.29233794562077,174.3347021440179
15588754,2,6,14,29.179967581247237,0.5259238804982214,122.18817680677725,155.9870796683447
15654590,2,1,9,37.12087982151658,0.07435073260001127,144.12967604917134,108.52394493075344
15613904,2,2,10,50.690309980143994,0.04077386941650295,136.49942183838183,178.50790692424084
15731895,2,3,12,43.223063328107074,0.02718919135730267,129.83478746442287,133.6676178377545
15778594,2,8,16,43.82118061796249,0.13473606031955446,140.75353986911182,171.26966024093312
15863521,2,1,3,30.18477947930959,0.2555437213877004,50.482639162442275,38.923283541380854
15853091,2,1,2,30.517042051832824,0.22100377643002592,59.94722279497958,53.80311368391851
15875865,2,7,15,35.18067732994214,0.0755659011606893,156.8374279719278,159.13762118528737
16023662,2,8,16,35.18055614666566,0.021743760868607003,157.99862303639034,158.06734049426817
16137605,2,2,10,45.20691762318376,0.055669504509719865,117.29447624014806,89.91311512584102
16253370,2,3,11,36.50260000119441,0.04613580143583546,173.4111321483332,132.20082726571266
16233696,2,2,9,44.84803145101467,0.1639391604114461,121.82294676957362,147.75397209023686
16278657,2,3,11,53.322742409902595,0.22138610034785933,148.86158684908767,112.54917465929127
16263840,2,2,10,37.34523537920661,0.09761686122976827,166.3350163610213,144.28580153687247
16332682,2,3,11,41.80238241918389,0.050804181745750014,163.07205482915958,136.56391385292108
16354719,2,1,10,56.41893663231768,0.14693404530250737,106.9488047352638,133.85500057343936
16329939,2,2,3,66.73830684424848,0.2822982284864285,21.02649559110603,22.26446216030136
16339749,2,8,16,37.95640090654378,0.01086656442919174,147.65891827907816,112.97011352326382
16306062,2,2,9,38.495859972060885,0.0018173259527531163,129.5051902645367,102.95844417379352
16426739,2,7,15,37.2109265677769,0.01437179546074243,144.3933726210005,109.52910565674333
16514759,2,3,11,77.54034681145629,0.04734770161419486,112.35417347450473,86.72242961287661
16549661,2,9,16,44.56908623205854,0.10946053339061994,135.2397107359073,122.34129070583855
16687856,2,2,3,36.621790419900506,0.4518708121767922,14.626801311337589,17.57826267857933
16875879,2,1,9,43.79375162341864,0.053606432537369915,128.20402091211284,97.53991596729965
16814320,2,3,10,51.52278158298736,0.025461359984177243,109.15127620500432,84.9268530261751
16841957,2,2,9,40.800477838448145,0.073583246625944,140.35491377320943,118.80500614040346
16935553,2,3,10,37.110324376934614,0.013627505846828225,128.80943910141357,100.32767201084049
16949476,2,1,9,34.8765853173675,0.011542407060082966,153.630624857721,155.94192952137394
16919430,2,7,15,36.69741008496712,0.07574072618645869,123.19620129494508,94.07445135341976
16967349,2,10,15,27.21117503137016,0.6895423463725868,90.00816029010079,111.20446520326318
16999091,2,8,16,38.70385987687432,0.05769943446787199,152.116511976013,160.35356246946336
17027484,2,8,15,55.71700755795923,0.48589940076255916,136.9857677721715,164.26473606191325
17158617,2,7,15,34.63618502684593,0.0034664986013422266,163.54720776413433,151.7200018862447
17199526,2,3,11,39.45324849659544,0.042473138742673285,166.12605484826005,148.38259543291866
17202153,2,4,10,21.491965386872796,0.8055630807976577,92.11908822396873,116.40573010019854
17245442,2,3,4,32.333273546113716,0.4553208995839802,18.387543644768165,14.808773308164522
17211448,2,2,9,65.48517955656311,0.19533330287060408,126.1015284697499,149.66944065215947
17288480,2,6,15,35.21556276355197,0.005062944255261645,145.68704362913874,124.49222754945278
17284349,2,1,9,40.45476707978408,0.006499390891797491,171.72112311145932,132.28216676677292
17500047,2,8,15,36.30494998787725,0.054069316563318676,152.28957770566672,119.83285527685399
17626699,2,1,9,39.00131354216938,0.05521072419081466,153.93631447104593,159.6704105356981
17616392,2,1,9,38.56426513621802,0.031162524190228972,157.20201639274347,120.75601682777845
17764885,2,3,11,41.64222555629176,0.019768862018671455,176.08700118550504,135.98731616600082
17790362,2,1,9,38.763378545605846,0.03588831399952069,168.01470738305076,129.1130754090163
17836317,2,3,11,35.83025708557177,0.022193353953714284,174.4153876558312,133.6536366903115
17855732,2,8,16,36.94876861875662,0.10439850982843357,144.7044102500063,109.72696936838229
17896522,2,1,9,37.7874006778907,0.09403389371279977,171.6742932409812,133.76875947838468
17917264,2,9,16,19.96222530480462,0.9098665093382511,111.21352116492258,86.1182467222725
18030649,2,2,9,64.21533485643351,0.2483776859891489,131.04775533215084,140.23209312764607
18025003,2,2,9,42.84888560315329,0.19402604473133375,117.13793743334264,91.33953313710445
18039401,2,2,11,36.38399876968106,0.03886499203922731,131.28615619914953,141.60815986629197
18114629,2,3,10,26.98693245282778,0.43225082681214955,99.46040598660679,78.0220788150163
18260601,2,4,11,53.19221714504376,0.25410121849187667,116.61394156541807,91.21960348769782
18357092,2,2,16,29.575212497161715,0.5478218746998428,38.29107367401279,32.10148009508327
18400972,2,2,10,38.471733214493064,0.006780522241331239,151.5851311400205,115.33649093049694
18445985,2,2,10,42.132016474048854,0.06178871872279735,151.16774011454874,152.6412739885475
18548906,2,2,9,60.50906449505973,0.3238438487313736,140.2451572081789,118.06271557115096
18531435,2,1,10,43.2468418930992,0.09228514155714435,121.033574947694,93.23672941455462
18764263,2,1,9,35.29135528604203,0.01191064655559281,158.03068742252358,157.11341453286397
18951649,2,2,10,40.110640747339836,0.10643371889753243,172.39081685810015,137.06163651412504
18924973,2,3,11,39.37757978713743,0.08952332998817288,157.21680029053243,154.3428525615042
19060276,2,1,9,39.25408883704611,0.02348708614220759,173.07550364398733,141.6628332539553
19052411,2,1,9,41.72751630930078,0.039396376945156956,147.105453417579,112.0428931259564
19007935,2,2,10,40.955784654244134,0.05202379001664325,176.55750572731648,141.9443142151408
19106479,2,3,11,36.94867016126034,0.008619014250035863,162.44251670263526,132.6602248901624
19227575,2,7,16,40.76984274994473,0.0677811120681736,120.81148531737772,94.09381517806663
19203998,2,1,9,37.0740777218481,0.021659350494972713,153.00922614043247,157.7327273833226
19297432,2,1,2,38.74052583081999,0.04567047006036952,26.024017929110265,27.337093055364374
19450283,2,15,16,26.159537742520524,0.4929701144512582,22.19826609393498,18.582231499040475
19424752,2,2,10,38.97712983332224,0.03842727368034873,152.4753014467987,155.82845269174626
19449104,2,2,9,37.86784201400289,0.06123613501240301,138.54830046649528,121.225531533137
19481667,2,2,10,38.40494822498458,0.05935800807182273,126.65397410266095,164.65553190529
19502611,2,7,15,42.0714693664144,0.09999092751696484,136.5591763956458,103.44194904988079
19562401,2,9,16,45.01667481534811,0.08223868775166934,105.69386581133817,82.26282226478425
19691951,2,1,9,41.482344847314394,0.06318479498687764,152.86031436361878,117.40090335089735
19682948,2,3,11,35.65538098707618,0.013974626882524436,167.88397581330142,127.3505171527003
19703355,2,2,10,75.70876418322466,0.4138188176977413,174.30241129593736,143.2350775746414
19761758,2,1,9,39.5490843965539,0.008339917348759078,170.2463828208481,139.16301433088253
19722165,2,1,9,53.502617231516965,0.19406882243744447,153.41501183066316,161.64981327430323
19852498,2,7,14,38.59051087240371,0.013135987155039101,129.35775191461678,140.37419925597564
20058059,2,9,16,68.34092443333127,0.43998814458171176,135.13543895599219,149.27241842860323
20044011,2,1,9,35.47589709406685,0.0035493172532470663,169.66775606838925,133.9355997364814
20062756,2,6,15,48.3459210872047,0.22724049687337342,137.99696932910155,140.332254815208
20081973,2,8,16,39.33766660077399,0.008870345749253708,136.41771378399395,103.50201984002673
20174561,2,8,15,21.117940783426214,0.7640435208479918,136.8853488955644,106.96031674211925
20113006,2,2,10,38.07396447805917,0.007433552116210755,155.78858876017136,160.49862991068557
20135746,2,2,10,36.72489181541867,0.04384524102082076,138.4611956035616,106.12930759324242
20183055,2,7,15,38.390318031125624,0.033907142289217235,115.4172403332076,88.90645428259846
20278053,2,1,9,42.73640932741043,0.02944507739242484,175.42306393397763,139.00866981409894
20467248,2,1,9,41.45447080106682,0.09927486675785198,161.65090917383756,150.7834750459689
20404008,2,8,16,40.31430591289123,0.1132328366830859,165.45255323054818,125.66269562060153
20449386,2,7,14,45.73479781138488,0.15893356934317443,136.33309205080815,109.19832704521558
20557181,2,2,10,36.88751781966264,0.013348435496747675,162.93548312669893,131.4877284709322
20502734,2,2,10,39.636210329743434,0.002813699184222481,158.82414014152897,153.41956716568012
20530444,2,6,10,37.569496127648044,0.4865675609425886,62.43241566246593,50.438518551793074
20561609,2,2,10,40.93183550386992,0.014416213802307494,171.00553663702706,145.10162712157418
20639662,2,1,2,23.549987265201754,0.6399693395361349,15.804082597526685,14.21193272382936
20709797,2,8,16,37.76769022348868,0.011456578197984553,155.27249749754034,159.42517574574939
20737943,2,7,15,36.545670090423144,0.10091627926594209,140.13763949458271,106.2502876335693
20807381,2,7,15,37.65483181143793,0.04615829387433663,172.05922689352323,139.24916045669644
21014493,2,8,16,36.56781534902059,0.03424616350588002,126.90174685476977,96.68652362796672
21145740,2,8,16,35.31782340618052,0.030318655496486265,156.9132720939878,158.9008459916841
21137624,2,3,12,71.44237596943209,0.058845298238302375,144.28648843744716,128.09867414515713
21263179,2,15,16,60.38279178354249,0.06638771523504804,18.903409571425758,15.701840776877301
21459851,2,3,11,49.56128889930937,0.18460285856529604,166.978443805181,132.5149309391705
21410800,2,1,10,53.75954361518868,0.3243729687884705,137.27909284370583,109.06377231903134
21557107,2,9,16,82.38769961396521,0.019261074527349636,146.11857681763516,114.78648440737284
21575234,2,2,10,32.25782293520687,0.6424362595657945,177.62813995551878,140.15649560689752
21541636,2,8,16,35.7345843911376,0.056934778358738794,153.57845766173565,161.743811141799
21520636,2,1,9,39.27495332477649,0.10947524354275133,170.60803035088085,141.65056641450502
21580365,2,1,9,46.93198165433088,0.21527431902703037,142.91712398350964,109.02245406307894
21659042,2,3,4,60.31321275915098,0.7419409476587983,15.48054108279895,17.23797269230857
21649340,2,2,10,39.843854968094476,0.017432605336572763,173.5257651374131,135.95139830366392
21685239,2,4,10,39.868172958100374,0.8543777937766576,64.44245159435809,81.3477610070076
21745733,2,3,12,35.08989369674012,0.010293372967703655,140.10836190853956,119.2754709242652
21725065,2,8,16,45.849224904685784,0.02608508586669639,167.4128947033787,148.69424715266513
21782000,2,8,16,39.96822042869623,0.010998765076503207,169.36064293791128,131.47024546228172
21783042,2,8,15,37.551031431348875,0.07283809722251892,123.86333327631036,97.76492339641646
21824801,2,7,16,39.645725643788,0.026340271599829677,136.18229660006736,123.54120093148114
21884572,2,1,10,39.36990906133566,0.1334980170088884,113.27425763331266,87.59781169361659
21901545,2,2,10,38.09426070501077,0.008507200013915212,134.7247932891338,102.87986432460742
21942418,2,1,8,58.10209493057007,0.17323323736391155,140.73162908285326,116.84932463846786
21980649,2,1,10,43.82753997751395,0.07296337046344674,143.46400992561843,118.39611988482439
22026745,2,1,10,39.53836948459228,0.013570799618492358,137.16663273458673,114.82168432103272
22060339,2,1,10,37.366208637649436,0.03105873989885302,137.15788545878218,129.08332974145068
22023780,2,1,9,36.81316272714257,0.030718758013439252,163.87765324658747,127.15210743570145
22128747,2,2,10,45.111565060499245,0.13990766219412867,133.7701075412861,101.53718576121643
22171250,2,1,8,73.44241572284727,0.06395063626024203,115.74406593031686,90.12466891653875
22253384,2,9,16,54.629042346529815,0.12977857218271913,131.1047304556438,101.95887326172648
22261422,2,7,9,41.19249949570419,0.9324614330840443,35.91461837736806,29.57001959764388
22266880,2,8,16,37.324841498499154,0.036742311474950724,155.50956359468722,149.54792451681004
22262300,2,8,15,45.599321658021765,0.14891242506953623,150.40097720371645,134.0403688374664
22359427,2,3,11,45.60095251451,0.055079661973374036,170.6207215547178,146.41919724307454
22381164,2,3,11,63.622907631593705,0.400181482922362,138.84383907003692,169.36927352155845
22664684,2,2,10,40.50625700249911,0.08108043039480654,143.8202210957509,168.83663300203534
22622459,2,2,10,42.75170354828448,0.030191823259512127,140.5906527737281,174.50930917974972
22647872,2,1,10,37.40823962576232,0.019444971699931857,138.40277335967951,122.16539012715458
22734517,2,8,16,48.680407394842256,0.17545337520844426,125.3639778756385,164.30018319428683
22741972,2,7,15,33.472107069037,0.022376771988443955,143.96594952781254,109.12202389637042
22930779,2,2,10,50.853561068365075,0.25754968451960886,171.4138646332753,138.59475581956406
23073747,2,2,10,34.96933111612769,0.017159871982001952,155.72332537125078,160.5635124274004
23033076,2,9,16,50.99425668111832,0.24866921966394684,137.0242810357567,145.80318136054626
23054148,2,2,10,35.74368482577171,0.045428277725949075,172.10064809086197,144.5006738020309
23042798,2,1,8,48.028152923640874,0.02147438633262499,149.03247487022244,124.66362284469284
23095820,2,2,10,37.18753291208522,0.01873733188406522,137.80061768645749,169.722277294775
23098675,2,2,10,36.5084332003087,0.024748027868328686,128.25896676929298,161.17797390604187
23133439,2,8,16,62.19086308578198,0.14646446950613562,165.3885477253202,151.59627751942392
23127879,2,1,8,41.17165495491351,0.07476735527112452,139.164208200259,150.81790981497588
23105288,2,7,15,40.07956436771727,0.1385028996849687,166.0383755079765,125.90860515196775
23352068,2,8,16,35.166420469428104,0.0020310968665952617,145.77062407863448,110.53984364843387
23359517,2,3,11,46.05578308983833,0.07037691530260962,135.91614457168828,162.25835290134404
23359170,2,3,11,40.72701631547179,0.023880634020458993,157.23018351509174,159.0845767390435
23380696,2,7,15,52.9627817795902,0.187667238180596,165.59606197740956,125.49090212023411
23436868,2,6,15,45.535512495187994,0.02488369718871322,134.47073377918747,107.29307732879799
23419717,2,2,10,39.72730605147655,0.03832836970422214,150.04202502317247,157.46983947990597
23490707,2,2,10,39.06648692252292,0.03686177081502671,149.19120318283797,112.98389175713557
23501936,2,1,15,40.3832150981667,0.4001816732807311,34.84449899220746,28.51888397713702
23607677,2,8,15,37.01748124761431,0.02329219271694233,141.48600858051518,133.78131916795746
23697141,2,2,10,36.54786803474661,0.0347639502574902,176.2326999241493,138.94167528261715
23766188,2,8,16,51.39228016344678,0.04667249393948501,136.11275910301165,103.21459617424102
23778285,2,8,15,45.30680700359929,0.119986699263799,121.25370714145816,94.58915728253672
23702082,2,2,10,38.525868600086206,0.013208495182233776,174.07853686521506,136.29707888317154
23781542,2,8,16,35.96360307474726,0.05742214815813737,159.245874091924,153.04868505791998
23845345,2,8,16,41.39294565606742,0.1035683244322773,171.11638882566666,134.53643770119731
23978863,2,2,10,33.75005399597862,0.0285664408327363,137.1826244977511,104.34175728112223
23983248,2,1,9,35.566974946073614,0.013041277474329155,145.86849218822977,111.2375606260016
24012925,2,1,10,35.29519871596537,0.015445625717931061,135.98257555604783,130.8733522416423
24031132,2,7,14,41.70235338737663,0.14028374856270928,130.2443926617887,142.3023793709769
24144869,2,1,9,35.77018606025617,0.06419948738053513,148.2055263022914,114.72503864502538
24161095,2,2,10,39.1996321275568,0.016401673397139733,175.2764445482177,134.7102930834201
24164089,2,1,12,50.92351933856276,0.6911713024214322,121.97430118220154,127.33096418977686
24200080,2,1,9,43.599518914201255,0.15442816572344578,121.36105494824935,92.80498894767526
24205217,2,1,9,43.47650390306441,0.08260513703210247,160.76495658168244,154.67822132575375
24291233,2,1,9,36.57634497569087,0.05431925226733351,140.1843207158227,106.17270370557772
24308447,2,15,16,40.947808338033354,0.859377402739595,7.957143213646321,6.673746748540392
24349943,2,3,10,59.26185447393686,0.11151137343480143,103.83953795449949,80.92409755125682
24318382,2,1,9,46.30550999317292,0.24075247494490987,152.47709203745669,119.94888082847406
24449210,2,3,11,47.496869969024246,0.2481357635184937,148.5703610789825,112.23576576022384
24415611,2,2,11,38.95365742937378,0.01040597213268772,147.3024403656061,136.44428448589926
24488154,2,2,9,35.67130893419931,0.013630518204080622,114.19502075540947,88.67656999078274
24536262,2,9,16,37.5466098513312,0.035464858796646036,130.642082032546,148.51696414269887
24629882,2,3,11,40.52889395888883,0.08235612362713225,161.96701853107993,122.68937946196596
24639412,2,8,15,37.274435261280686,0.0340471178826283,125.06583981425817,137.41685844953403
24647085,2,9,16,40.02257960058486,0.03831146325635755,135.68159312143848,149.72972051917074
24770105,2,2,10,36.770343360623386,0.010634719935235359,148.11758191073548,112.59605114234176
24751677,2,7,14,71.74847273357526,0.004380650742653107,132.15772530169053,159.6456886191026
24727267,2,2,10,43.89252774143298,0.12340968104056428,122.20238562143797,159.573694681256
24757645,2,1,16,49.12303481568268,0.5748338067313468,14.558595155020866,11.839563926893089
24834010,2,1,9,36.39001395352163,0.04357251214089676,142.81699883919504,108.58056899958864
24848541,2,2,10,40.798575041148496,0.002321495542721463,163.4350713416222,124.20504953413838
24949405,2,9,16,62.48281890026564,0.053810470433157606,134.65994755664525,104.03956403244322
25039266,2,2,9,39.68461924630423,0.05948365295971934,137.00647395090962,109.24000596986357
25007105,2,2,9,43.33418003635589,0.1230783570979795,127.0761425224646,137.42669328967264
25063730,2,10,16,399.69867221178094,0.8421019480079739,85.2346078342317,108.53551011511169
25144705,2,9,15,66.95233624044947,0.34723467920521384,115.75823318668633,133.14273062712044
25103225,2,9,16,37.59397417114711,0.014416118038187133,151.2120719266626,127.67719973839534
25174747,2,1,8,38.097396879471205,0.03342451893871207,141.24979550279704,114.58776463251243
25245035,2,7,16,46.35644622273705,0.09042399485155779,145.49790163411626,139.46561323300384
25249721,2,3,11,46.01120353258892,0.08735275817949464,161.3168581386057,122.07312607437736
25203819,2,1,9,38.80134617161798,0.03675084396965814,152.08108523254057,115.47645690424847
25268789,2,9,16,36.72237487885097,0.0544606730101507,147.0817463079926,119.65120330329677
25241849,2,8,16,40.6422720296673,0.048204710990584154,133.98720469007898,163.08351738927647
25372316,2,3,11,47.86208262379603,0.04981334948442852,161.56708101842537,147.9833432383847
25314601,2,1,8,50.9493147027475,0.22342303764787816,138.16818983658658,128.60199390010254
25457080,2,8,16,58.82136516470716,0.025024784359277807,168.06350948899745,143.80577364475826
25538398,2,2,10,45.71367287060833,0.003345556800298412,124.55021897884419,95.5437635415015
25533750,2,2,11,47.171135528201276,0.2033654166593359,88.92475802444523,70.28822818499988
25598973,2,1,9,35.66050766063897,0.025835893793353673,166.88077336386527,148.99432429957088
25604372,2,7,16,47.88787180208986,0.16640866767644405,142.56394501928327,121.79058514113284
25645691,2,1,9,38.95609628215089,0.09394714311416485,125.31919660898069,95.56112312833935
25647359,2,1,9,46.01197898698945,0.09053145234722851,140.88944947721436,106.67278094606255
25620132,2,2,10,36.97651658252505,0.05026234493452854,154.80592592810274,149.23942984019928
25732303,2,8,16,36.70884777893534,0.07825361917233138,169.2481895303962,133.50133047885225
25723293,2,2,10,43.71879750619995,0.029778261883889403,161.08196662836784,138.395955953197
25822565,2,1,9,47.65595942682665,0.262685442550553,166.20247872016415,150.0994877971259
25987032,2,2,10,51.1139139479291,0.1156434067148691,134.2314855123684,169.19864181594392
26066806,2,2,9,40.630630693168214,0.032818009288816494,126.4109237520917,143.95077523101958
26050921,2,7,16,38.51635683250654,0.038929616600178046,134.68498974573677,147.08979111036638
26157363,2,2,10,41.17038118886916,0.09971734902166617,125.23920944522536,164.86422144693228
26256423,2,8,16,36.36117865257813,0.008076218079298798,160.9070278670531,122.79079191918866
26256895,2,3,10,39.834046482571296,0.08934673616903055,128.0376599096069,102.87142018625474
26245401,2,2,10,33.77156152933904,0.026101268464413737,149.13334765199048,152.39446070674234
26342702,2,8,16,36.11240313453883,0.09992157764722073,171.39447669614398,137.1832672890851
26352824,2,1,9,35.3942775924026,0.018954127503499483,165.93611924172052,133.1212801470778
26423056,2,3,4,53.619030326232604,0.28081096476222617,33.648664830766705,31.8192864691198
26422995,2,2,10,40.49147188320505,0.0742010917207708,157.16636886950565,141.463708296586
26529060,2,1,9,40.1538290320528,0.020153536522129246,165.68457088342046,126.96160226231144
26570214,2,1,8,39.320492276267345,0.2393758837721814,120.50322781609397,93.42813045462299
26569935,2,8,16,39.14628110476755,0.00608615070064261,148.78842054208556,112.13654929364434
26623145,2,1,9,37.051286608291065,0.0261749749987894,150.91438797994783,165.26102446110198
26656510,2,1,9,38.11840283618533,0.10240631854734011,157.75022934070827,157.09652266973677
26701376,2,8,15,40.474759495304,0.014559635283711876,133.25884262258046,144.368975917077
26719472,2,2,9,37.73419201651964,0.06051498725354764,113.17928140114424,88.11412088215975
26821605,2,8,15,60.61912456949691,0.3379329924984803,126.05816074846729,99.10702295783413
26861224,2,4,11,41.264586396417414,0.0752895793229615,138.37816360118566,129.78928802729223
26863731,2,7,14,54.809600248446515,0.08708529604679684,119.43379765923937,142.21207375704032
26940410,2,3,10,36.8614928390996,0.00028942675853684165,134.79511051626108,131.44145526693714
26970694,2,1,9,47.3093229674429,0.264062735253322,156.20145702200335,120.97802043778532
26947955,2,2,10,41.90898774860956,0.07146022388263631,140.60161575323968,162.8667444516215
27007381,2,1,8,25.044295064456975,0.47380358745757156,134.3407746175407,103.37670694506703
27089571,2,1,9,36.53998338460151,0.10437762201498912,161.13118802349987,151.60334714041406
27213408,2,7,15,38.628424083296316,0.008746123675676037,162.60374454654962,140.2517751905032
27219594,2,3,10,61.6736394196401,0.17856834030779462,110.15289592196552,85.54960588367034
27229501,2,1,8,40.28644624576594,0.04898013332625127,140.805380542616,124.17512568785652
27359622,2,1,10,41.44295008476426,0.019689337707696826,124.911451955082,98.3477700558215
27403693,2,3,11,47.822081853493174,0.2106886001882742,154.17977737650304,161.57741004689709
27472645,2,2,10,45.82383184598808,0.02222732911583982,170.94565381108336,138.33760027005476
27484778,2,2,10,38.80491620801874,0.06959564171078148,140.00244960265866,173.79801495689043
27558285,2,9,15,15.661439081009418,0.6228602025035215,53.91031418384891,45.11132527522108
27589513,2,8,16,42.020253965036645,0.0121766568324876,148.52324005992423,112.44353101350313
27594468,2,3,11,42.020859695465596,0.07590368181550734,132.12778901935863,171.18967078903967
27687115,2,2,9,42.43963043460805,0.0708602447782292,114.4452238580125,90.77180766616375
27764015,2,7,15,56.01807961624148,0.13871212883301143,141.71928646436479,172.75631104105608
27703159,2,9,16,37.17468193706178,0.02784134643692383,122.5811733412903,95.40451921361935
27700303,2,1,10,39.161644406393414,0.08471906729994512,126.61527101657747,145.58359805715773
27829285,2,2,10,35.82205791585028,0.08179559173661954,175.485942273101,139.67669008446612
27851855,2,1,9,40.30258655942158,0.09797682692519105,159.4373485389852,125.58383988954553
27824774,2,7,14,38.14950986466136,0.031346200695605286,134.5233139983927,109.88802948882322
27951526,2,2,11,35.354646780292484,0.0033306595044317487,134.23923354690183,150.9770981005645
28069364,2,3,10,65.5156900751912,0.34018116643559,142.5346290851003,117.16291846001502
28046286,2,1,8,58.37600245504524,0.3301965387165159,135.86295191278478,111.40328836166861
28088712,2,7,16,49.4147119272555,0.5156947367283197,143.06394676839483,142.71308984193502
28132652,2,2,10,47.24671149805009,0.1556281904708165,164.50392625933,125.42474044050779
28162128,2,2,10,96.81477603939052,0.08832702523463344,149.0178209194703,113.85759526668545
28257318,2,3,10,52.4494670322579,0.22120519142811823,140.60995385077126,129.31684817368412
28216913,2,8,16,75.70755501122042,0.25881815710397565,162.6279465314584,148.75497526563598
28299399,2,1,10,40.7232631741351,0.0028678674032190724,141.17405564589376,130.46172647662868
28304922,2,1,9,37.11198657107357,0.00901859037287607,140.50141864523715,106.840336975581
28391278,2,8,16,38.7474502405893,0.012116733478354971,140.06374825176778,172.95487243570253
28388780,2,2,10,48.31875132731378,0.23004661575989552,139.5132347359205,162.1993519438621
28407662,2,2,10,37.7062164012021,0.020579226076924178,169.67360888854003,132.2396825441715
28415906,2,4,11,33.83941012887113,0.0068330106485830775,136.1406791257519,109.1211455404843
28405245,2,7,15,43.751603779878366,0.1399332154229693,166.05115036162297,126.49893816367197
28451047,2,8,16,37.7206889719011,0.050009549022214016,129.04798597013752,98.18069840659449
28493537,2,4,11,36.44071586607797,0.012278853962732407,115.48520594351173,140.20439831528944
28547336,2,2,3,25.085495062272276,0.6985847258527583,22.08530424423061,16.17024049276784
28557492,2,9,16,39.52902787620398,0.08072463447439786,131.66550075081747,106.26220897803901
28551121,2,2,11,49.54734118172847,0.03292299031183503,144.45189428150465,126.52794864850382
28611432,2,2,10,53.17826834520571,0.00801907961369077,156.14780892732296,118.8337557251229
28675889,2,2,10,36.405913837071424,0.03678438893695675,122.4475733420218,93.83025540586266
28662499,2,3,10,39.13342241197437,0.08049707094794174,149.5428765930014,127.59680228652324
28737617,2,8,16,37.29778834404719,0.05868845954388009,139.33344554562032,105.78039654412699
28702534,2,2,3,41.13382222882967,0.5345402213604836,18.815274964013195,24.836229865459682
28741290,2,1,9,39.86594794139111,0.0238496982088846,144.97522957964298,111.4875688638484
28867307,2,9,16,34.22819485458505,0.751637168053579,173.08802867139005,137.50728591123706
28868315,2,1,9,42.90401632054174,0.10901556595744047,140.05782591493792,164.9009480926584
28804613,2,1,9,52.854032717376505,0.16592835472026005,176.20019945151503,135.27639217884578
28955290,2,1,9,46.25923752181788,0.14484057887840546,151.75015432133557,115.15313336771834
28913425,2,2,9,38.93126099599732,0.03639236161042173,146.29162516447974,128.57249179661196
29046369,2,1,8,44.41469127787796,0.01886941017188205,147.87797639689862,135.2894260437535
29007771,2,2,9,42.50426690632577,0.05723296798301555,123.62824432617535,138.39937206577503
29174296,2,8,16,41.58477477255218,0.12793035280893955,174.07718366604487,138.21059701735254
29116314,2,7,15,37.95691453213986,0.009305625124572468,146.39170790732686,169.67541779927024
29181651,2,7,15,38.07712052153127,0.021771473367926647,163.39200093271464,127.61726308318079
29207084,2,1,9,13.567022483369561,0.4234819734631001,162.85913696532256,136.59181489233978
29231731,2,1,8,40.31263993105293,0.0048317162715167715,129.43411448774873,140.1290485950959
29342680,2,1,8,48.8256067331955,0.14452828343676455,138.70111198471312,135.9299273632593
29305525,2,2,15,18.836728156857074,0.8221033329662112,71.59457516812802,62.40831535278895
29497083,2,2,10,39.34561540417518,0.08081418582951942,125.89177188261871,96.3867922235279
29518227,2,1,9,37.59074327784343,0.05877036352448049,165.799986318395,141.68549496623
29583857,2,1,2,46.04139966208277,0.14063046334038318,36.766710838315866,28.263065794611645
29600706,2,2,3,68.1423778016319,0.2850497016334569,54.15329583405919,44.826020241042606
29721958,2,8,16,37.90008956928216,0.03248926214221482,153.22373212187262,115.94954873280089
29792162,2,10,13,2.256618759452744,0.5425193073612421,59.338182191305805,48.96691846459761
29816780,2,1,9,38.28347162976831,0.12560160335142417,117.84534017099404,156.03256073076324
29824878,2,1,9,41.61888392841307,0.08625982223965803,151.87994489157342,116.16450598400398
29827165,2,3,11,39.987991707106225,0.05174240975501221,156.91895155882582,155.08182201347043
29877893,2,1,9,53.0039239889323,0.16967803839835835,129.3355280256697,98.66481465492157
29842250,2,2,3,48.01197245304735,0.10149198491100575,104.16658167643301,102.24676889078013
29856637,2,8,16,41.64206855682964,0.018029927002699193,130.83489982143672,168.5382342976887
29835308,2,2,10,43.418357907395034,0.11161451531977613,168.7776384998488,133.85394902571608
29963057,2,1,9,34.32261101529053,0.011191464224625382,160.34646901856522,150.61865917261485
29944924,2,8,16,92.33215820711325,0.1135913647433113,138.708689825832,172.7321133294754
29982234,2,8,16,62.35602822476815,0.13319448684390436,151.73545797088033,159.24877700076678
30057099,2,2,10,63.070582339155806,0.16621563874997597,154.29752723713761,157.9285800841762
30085358,2,3,11,47.07033697790919,0.2504401034343326,146.25121290109814,110.60918592426349
30242694,2,7,16,36.47371774901951,0.047487148355976457,139.17899283633145,115.9026963862646
30294496,2,7,15,46.86045853997061,0.05713113086143485,113.22925271009048,149.30368624719966
30361844,2,2,10,42.63343479278117,0.025825030894804285,170.65254609185757,129.78442587710424
30384290,2,2,10,38.428520578028724,0.07048950156468928,143.08969629841854,168.40024790173837
30474521,2,1,2,34.26124005315587,0.08847698625741567,43.906750629404094,42.14127302625753
30483779,2,2,9,24.576491516729014,0.7349045728800291,131.8351873382437,155.27656255593374
30538064,2,2,10,39.30612170549071,0.021825545373644187,142.56717987440896,108.42874374782396
30599451,2,1,8,43.87347794163597,0.08530708871241587,131.87645875283422,104.98830875857652
30609084,2,7,16,39.5640777235041,0.07307088117759683,131.45794002811803,142.10901374250832
30674838,2,2,10,44.563011908775096,0.042926446443234366,175.55690015911642,141.29572182282365
30619356,2,1,10,42.41704753179273,0.1753850926208981,126.38496034202025,98.2336015895232
30671559,2,3,10,41.15688780407119,0.04078906756570368,140.4492787855135,135.5547144275102
30652710,2,3,11,37.69331386759874,0.11748989109036848,167.65012946214466,131.83617013734167
30683592,2,6,15,40.64808917590925,0.16565069654220013,132.015340360117,105.13497901958105
30689015,2,3,11,47.35894785802044,0.13549838455134192,166.3426459068058,126.33390572857627
30728085,2,2,10,47.165865234905056,0.04711502612753989,151.04894421518725,114.12466249367098
30769203,2,8,14,84.06843712708755,0.4232216385255088,127.19456607468743,105.77285586611517
30784337,2,8,16,40.81706198122494,0.05463643712611905,141.78868284332273,175.15239638237787
30819467,2,2,10,37.60869067884879,0.0029848630475167804,169.58754867581175,141.56495150648
30856331,2,8,16,39.04562038622134,0.04652964504963957,146.77612590396146,111.57711926865342
30817886,2,4,11,67.61670866606066,0.0871601098665889,143.1026503258473,118.7606026451818
30911483,2,1,10,44.50718388970386,0.09803806247223588,143.60292735733935,130.22450566681206
30903325,2,7,15,50.21741183471727,0.035742695065760464,170.22565010289702,131.66249907160133
30940518,2,6,15,40.58782967404052,0.05536321134028883,131.86561439702947,134.6465298678241
30941972,2,8,15,42.89610011032986,0.18531844683414814,141.0784022889501,122.55941214898347
30900023,2,2,9,37.40125481557306,0.0004978175489862263,119.74187539318307,93.03305851377863
31072330,2,1,9,38.328744879791586,0.016850738383209152,159.93715092202154,152.96311800570342
31080642,2,9,16,49.92283105984201,0.29723939883830697,127.83755718512454,141.08510057274185
31002217,2,1,8,46.50206692397797,0.18196440504520106,132.08173882809933,151.40390018911825
31080997,2,7,15,40.458381864686885,0.032422942738319006,171.39467852925193,133.89606652993197
31120565,2,6,15,31.95978001275019,0.6763394728551594,142.60437079299598,140.91031142981376
31109175,2,2,10,37.22778538335855,0.0034128413676867294,130.43246207981989,169.81596668715238
31178027,2,2,9,42.377785667420795,0.05412811250348099,131.93967111962527,104.4991849915548
31218497,2,2,10,36.80491983597696,0.03880498443108386,149.33227472414274,161.66172550145077
31276203,2,8,15,39.358085212651474,0.5736023085707846,149.74848961504816,117.27027950665253
31236438,2,8,15,38.091720732577826,0.06268838176264484,161.18655912111834,130.88565440385847
31235447,2,8,16,47.91902700406773,0.11185364343721624,128.46873803866654,97.64598047739315
31299440,2,4,15,4.230101325385713,0.2522052649362406,110.10412215411952,103.18641186801088
31344242,2,1,10,36.2012026551739,0.08010487436331468,124.12075891366912,141.24064737038955
31374783,2,7,16,40.334295904105964,0.01612118109675299,137.42136244083153,139.63534866748464
31466906,2,15,16,31.832620376650368,0.3026057751168541,22.675094601230306,28.233724349404916
31471091,2,2,10,57.38179953589869,0.005017818018645432,128.98434665775926,170.0761344491336
31528690,2,7,16,39.85569468375161,0.10038213222550724,142.04045670302864,123.12411178409769
31508252,2,8,16,38.34431681758726,0.05936915863993293,161.57569054053218,154.76332158090403
31526111,2,8,16,42.959603764107804,0.13507050130031464,168.55207992705797,135.17391874144604
31591234,2,1,9,42.90768511545235,0.045907122035255835,162.8258654387295,141.35556996215658
31729449,2,2,10,44.67796237330549,0.12496455618593352,159.80800556221885,155.98775300832386
31843487,2,3,11,35.611321246770316,0.013762588157921326,163.96395281231239,125.80934434552051
32028449,2,2,10,50.40670440881535,0.2574406326185673,162.92587353998175,130.7267221594853
32061719,2,1,8,37.982877348552606,0.5469800635174021,146.92102690731522,116.7002052809335
32012030,2,1,9,48.213679603192915,0.04787523101500882,172.09424655726156,134.3775736652046
32066323,2,3,10,42.218553739223104,0.14575022971318694,140.9791543668063,115.13633832625919
32136731,2,1,9,39.24646205685574,0.04110827678456745,155.37814232128585,159.56927575088542
32154248,2,7,15,57.92986281425701,0.23407470697318405,139.45238497382647,161.0036900837829
32109357,2,2,10,76.77909065758894,0.012675046574440331,153.31803585988808,162.47688499693353
32271879,2,1,9,44.020086038517064,0.11570706570012158,132.58645385853518,164.83126329205476
32277841,2,7,15,24.989858149029274,0.7695335935375035,156.0052983526062,119.73792005982882
32365263,2,7,14,47.67279025367921,0.03820753885731888,146.08324156916834,148.21690891713143
32408080,2,1,9,42.79510742352989,0.05176817755264812,161.3586347839134,134.46194999807858
32416461,2,1,9,40.926100685943936,0.032632946006647505,150.47808524119205,114.14810997116335
32508449,2,1,16,60.153456458708845,0.8339719423296386,7.231043577273884,8.98351379950186
32553629,2,1,10,50.42003362809234,0.01700144084014036,149.09561767193225,116.29747496499347
32623421,2,8,15,30.848712464080236,0.7876739355584828,151.82424978901932,159.53895398081775
32668425,2,8,16,56.68439519096523,0.18767249482892576,150.13907309460606,113.38986571095
32690634,2,7,15,36.323332524339065,0.0025159225789921453,154.41566226572894,150.13505138233037
32742578,2,3,10,53.78905052685835,0.03568093747970182,126.4016974206631,145.26388921044307
32854775,2,1,9,36.2864245120756,0.022551789968153886,164.90893635979208,126.37685003379234
32951070,2,8,16,42.69375952263175,0.052051326761394914,149.51033890238222,112.99715358764074
32960941,2,1,9,35.720868354484224,0.03435813495559496,167.111773268585,140.60802493839486
33019607,2,1,9,37.75497798150543,0.05300681573176768,136.81377212094273,103.9016286031329
33145837,2,2,9,45.21821700718838,0.010075303062305403,140.88690688589546,110.67952264585033
33227924,2,1,10,72.26678153280568,0.0760997602551965,144.775541886932,150.2728216874591
33245983,2,8,16,38.055869297004165,0.0619053169524239,155.40756629895446,118.43015297849892
33296779,2,2,10,35.058659565939735,0.0006265673986421196,127.94988681625948,97.6542036161616
33341042,2,2,9,70.01411592129938,0.4468954141348899,144.3364478026152,120.96344007844785
33302857,2,7,16,43.20265077432843,0.11532714437991784,135.1131315529104,137.82461744039486
33422297,2,8,16,36.613027826860076,0.006105991992026759,166.7968771358093,145.65127312789645
33408464,2,15,16,30.483973120184878,0.1936315409952485,41.07080302113656,39.46555999700277
33423989,2,1,9,36.14057093436066,0.06545369050252763,135.81462963150358,103.48050437738056
33443363,2,7,16,30.19932350878593,0.3890432650049815,126.71199550533976,97.88204181714183
33561594,2,11,14,3.8672947545359433,0.48157830696919457,108.86128727136274,98.0522583886784
33563341,2,1,9,43.33427723007263,0.054629757346793394,165.27816131631457,147.30614186917245
33538611,2,1,9,36.19925679177455,0.035607998723429506,145.4960773233355,166.99868925314706
33729286,2,8,15,43.94451332840001,0.0485983887391799,142.22448629329358,147.85655107554314
33766015,2,9,14,32.77419596280331,0.5742030801783181,72.89850671713104,92.0540221206668
33792851,2,2,10,49.49831001937835,0.270177129151202,129.16873165894,100.44652287659801
33840013,2,6,15,37.26373212105926,0.009885601782963044,145.08315001309535,124.47491051204767
33959936,2,2,10,13.836484533775359,0.8329059121051732,95.77895609964382,125.57707136549212
33909057,2,3,11,50.55589040979581,0.24840063217044864,153.08034937976106,117.22752922586453
34042934,2,2,10,45.838470075912156,0.21206529379925368,138.32021852637058,178.72112100571573
34089994,2,9,16,54.088465113034836,0.18358931964229405,133.36266554353494,102.0309060090227
34113923,2,7,16,37.865136671598705,0.053901900830282776,146.42054273182677,118.28721416261898
34103197,2,2,9,92.6471041811273,0.054565209627295455,104.76816684833256,131.22574051766375
34154770,2,3,11,59.90073352099331,0.2578201456094952,147.83042106220077,111.68369344060429
34266809,2,7,16,39.80313847974423,0.0059753423841492565,137.6654465469998,110.09768419077335
34287608,2,4,11,31.089327233977937,0.7827850048536125,135.1598711053573,158.22902981206047
34326406,2,1,9,38.47102269457787,0.036805728354459576,160.05744624936654,155.9624579073186
34468177,2,7,15,36.20306678061481,0.042245843175422196,151.15003176312382,116.80666259409705
34450065,2,9,16,42.69825741971704,0.424679994524628,136.55153034373328,108.08138237437399
34564968,2,3,11,35.59840432552171,0.032388751660684105,121.19773592858061,154.70073288863733
34563845,2,7,15,46.212492859368425,0.004860898626947456,169.19307940547313,132.5313556350079
34542675,2,8,16,35.26044065822644,0.024085598689041365,173.8735612162451,137.32019874324328
34546111,2,1,9,48.86185000549918,0.2414538334221286,138.53206095199567,169.64332291527066
34509739,2,1,9,35.87204378465087,0.05048322530647303,160.24879073337124,155.4631597534702
34718071,2,1,9,39.42499199774319,0.11874397089661724,170.59401670386958,145.35842372223308
34749564,2,2,10,44.27170206675413,0.04305596191410512,169.78657265093375,130.6355186402736
34794276,2,3,11,40.97392017454798,0.16104437352609532,151.87637640384062,115.37234157735428
34853735,2,1,9,46.867391613564635,0.11168269224217808,154.52229249323835,162.3781505899338
34846890,2,2,10,38.81295355683015,0.051224504971593594,165.92382280931204,134.4355197733449
34884248,2,7,15,55.569091633347625,0.14268629460329899,131.1662918900703,100.57866520585114
34931708,2,8,16,46.15117314303134,0.1873281412335534,176.16893419879642,134.07617346499887
34979297,2,8,16,56.62276098176454,0.041495336695569304,162.79616317636686,124.22651346793458
34992740,2,13,14,39.46669830934191,0.7065860087951217,86.49557657623642,85.18093641274207
35221062,2,2,10,53.87964489035758,0.3993674049110606,121.72030856021591,160.93349319586824
35219886,2,7,15,55.23065038096814,0.11701878925677463,139.02240792870356,177.91871433222488
35331110,2,2,9,37.59135612757785,0.021151610339707458,140.0994915264853,113.0063972292111
35351976,2,3,11,36.25398042807244,0.013290956024793792,136.04648208368812,103.47478398249265
35415543,2,1,9,42.87554327600846,0.2050083706802974,165.49776242146365,125.83440375272043
35551407,2,7,16,39.570827853958704,0.046819873425493735,125.89829301860148,146.84554230061585
35529440,2,1,9,52.104852859365664,0.02196364039812744,166.90293810023238,148.45024847025664
35511918,2,2,10,39.209941172734034,0.09669576254568998,167.95622383143763,136.75902905027667
35545480,2,1,9,40.18626210998713,0.042034995036093044,162.35881591575236,150.24766086175558
35581332,2,1,9,45.80576873899236,0.12833132583088563,158.87518065534283,135.52273946535854
35640529,2,4,11,39.89238218043391,0.025793730913680722,139.09034528400773,108.48351002790704
35602965,2,15,16,76.97231253820885,0.45808208613345236,22.971298424511296,21.657672486047296
35645745,2,8,16,53.06511414867662,0.003329796564253086,160.3966624116133,156.10440102143707
35757453,2,8,16,42.715868297199364,0.08838017068429743,150.0841255512001,113.59805740864925
35752304,2,7,15,47.14020206547775,0.1789342740705948,162.01777848222807,123.12220294168766
35838471,2,7,15,39.26369838183819,0.1122184901649993,152.70851592744881,116.3357672114735
35904986,2,7,15,45.875026942153355,0.057239913589044684,160.5147190340578,121.65796643608991
35931765,2,2,11,44.04206647349002,0.09453450841203938,126.00656156036553,100.1721034103948
35991243,2,2,10,38.60115224925741,0.013399238664209001,129.1399026186075,98.72054455585354
36111826,2,1,9,36.01302210687399,0.07126807391894568,136.51171536278449,167.78719713279875
36116278,2,8,16,51.59747805351647,0.2254182837887445,132.76367392588136,101.01542422279947
36190404,2,8,16,40.8143955081476,0.1189152403668519,120.03783571269368,92.12111458785395
36277129,2,8,16,43.10880201147398,0.02269319038620195,140.37172814145887,106.4115734076447
36247021,2,8,15,37.73627640164054,0.014392254432090688,142.33318640614002,123.86974584128158
36247127,2,11,16,27.377505457860323,0.06343440746227125,71.12669057357556,56.028594154538645
36355245,2,8,16,46.30443286890401,0.06774196569257128,162.24826715558595,123.67566481141058
36399867,2,3,11,42.13757953477841,0.038245245763572217,131.57301707122082,166.88556460480396
36413268,2,4,11,58.56675364900189,0.27505767282579235,147.48672725145303,126.83638631477383
36473224,2,1,9,41.445117102059385,0.06554975333527222,159.37624370268222,121.28093654879572
36551775,2,1,4,10.752129475061746,0.6283236263715077,33.416598302124896,28.612421828929758
36589610,2,8,15,39.425127513239445,0.08582397492406904,131.5613739379857,104.41666694568679
36664115,2,2,10,39.25983778009311,0.09309146773968019,163.83114636045124,129.7554540422583
36726404,2,8,16,35.3224471195619,0.002828038764124544,159.1897153358166,152.7104002213692
36719382,2,6,15,38.43254216328431,0.01136458543270935,143.70300928761725,132.16975552572254
36762370,2,8,15,35.00993416254178,0.7332125705488176,143.61950988988423,145.6541985324675
36872638,2,1,10,48.65337512823574,0.21174176746311163,135.38296735471104,140.3624866023815
36803467,2,1,8,40.09054121109138,0.04177704425665292,138.90171365456234,113.04689844956283
36805831,2,2,10,44.24532125655839,0.11713956410963552,164.27540630282124,150.3955299869925
36888776,2,8,16,39.25732135266928,0.06755173867730403,144.33945204363658,166.83828437212844
36999135,2,2,11,35.91764807794276,0.060753331396716785,90.0088244925111,71.43504494982665
37170038,2,7,16,42.46118556220715,0.20340019995331438,126.38075371939803,148.5368889571811
37109603,2,3,11,42.53065119313355,0.09755804206263866,173.78943529950234,141.2696346530452
37119934,2,2,10,41.799699972102324,0.019751727527986318,130.59481268154343,167.45183197042599
37116473,2,2,10,37.71361278513504,0.012991207019158485,155.13879449620282,158.91370624067042
37180844,2,3,10,57.40493474522005,0.27038899673193983,106.27951472496162,137.04237293663095
37266501,2,2,10,40.19941257435059,0.01953849815622569,160.75535499912465,130.4137677753513
37282352,2,1,9,39.21147360050365,0.11909124286298828,163.1752580804209,135.33146123299733
37293769,2,1,9,45.49582974196221,0.19630385681301535,175.30851516111264,134.29866412409802
37345879,2,1,10,43.51848549473721,0.0830270951756587,146.19581686634314,117.22783998274484
37377123,2,1,9,64.9290892869362,0.048849096664042774,144.06557681338904,109.32381086449763
37467905,2,7,16,54.243150033650096,0.09988239382676514,145.70173773124347,117.33958850121142
37416649,2,8,16,37.17143680697689,0.01839204305292239,163.6599336602161,126.07900431830113
37530107,2,6,15,46.16983710947825,0.08636762103178584,115.74735241424221,90.26225022457443
37648394,2,10,15,42.54169311576203,0.5632176560479584,90.22390936200432,107.18395241143897
37690887,2,2,11,43.52224513153466,0.07325773396398905,137.925124208252,130.88381727935712
37716204,2,3,11,47.41065142687422,0.13644517509596552,143.42781445932096,172.05020219786184
37777218,2,3,12,39.082342377070916,0.05177094279942911,135.63930975876798,128.62183017902262
37875144,2,7,15,36.03800503760223,0.06722992359472363,160.4969105863501,154.89532499229594
37837266,2,3,10,44.005055290889004,0.015700974689631362,118.64009491438722,91.59659334533102
37957206,2,9,16,80.35354895110602,0.07961592788036083,124.93982391480574,95.90477038407063
37977749,2,1,9,50.867768605264985,0.2685689703098674,163.3931481978058,126.04872461179686
37985319,2,8,16,41.308575334718554,0.04717250609213455,135.13118897281478,102.41428611429149
38027609,2,3,11,46.469896574302375,0.08895135713465216,160.1529445388407,124.67844775556142
38075943,2,7,14,47.04201905751873,0.20012314738114015,119.98784095424938,135.59952792866437
38015247,2,1,16,23.499264576372894,0.7381288113832842,46.012841738218576,39.71566598304269
38047000,2,1,9,80.51394960606453,0.0321757215792958,170.8337483504677,141.08838550719284
38198450,2,1,8,41.60233462723924,0.07457353491666695,145.41743861055835,128.61790939957407
38212254,2,1,8,40.37487614911615,0.032229634973028304,145.7362646771256,121.73767703045357
38256592,2,1,9,40.67282840177339,0.0922007463076336,166.43267491283387,149.29317963590657
38206898,2,2,11,21.855426324688747,0.9042568719748817,160.36926538461643,130.36889989859637
38407376,2,15,16,25.456924176905936,0.6134260065251104,33.14146619455858,28.84486440143791
38451673,2,8,16,39.538257652492625,0.016164117478629638,141.84666229163216,170.75447686832862
38414689,2,3,11,43.0122396548045,0.14316138658885783,163.6125902627041,124.33556789572683
38498186,2,8,16,36.076512001017534,0.030346363035187056,169.6389982495839,139.42896604586682
38551366,2,1,9,37.32550121392804,0.016630219230797657,163.1930964678379,144.11105273144398
38574632,2,2,10,37.453441428540266,0.00010585744787748667,170.3605953280421,133.14212544920687
38653359,2,2,9,37.77630757209671,0.04421132437896986,142.78184653504195,125.200923895983
38656125,2,1,9,40.303092871410186,0.09820353660691776,152.043104956878,114.93608762703543
38677455,2,7,14,101.23185557545723,0.4720024416247713,151.44561038883637,140.87842571818754
38612491,2,1,9,47.09300787667768,0.25667916211685043,164.2029725606767,147.06193084319366
38873277,2,2,9,40.85668996984937,0.13040753965799995,141.804978730868,124.04660858028168
38845998,2,3,10,37.3161377949813,0.04830117924563773,106.10168252907424,133.84357997530304
38872613,2,3,11,40.51520460487024,0.08260152257851719,121.00755944790443,92.61698209249005
38880390,2,1,9,36.2776554438788,0.0003364881941688968,156.29931356309805,159.1027202875676
38906251,2,2,11,71.0233036081295,0.13176854504588112,139.5781572199629,128.54646030071177
38903550,2,8,16,36.36173838250737,0.09516928654102137,136.62948595018418,172.78285274806478
38997738,2,1,15,2.1397779661767373,0.0690126782726484,57.36419945989161,47.56454181810861
38998474,2,1,9,41.445768012455495,0.11177742747796596,164.71808311545396,126.03508386277817
39053594,2,9,16,30.356574177913746,0.3805351934418961,105.34607488008568,132.8171815633586
39000539,2,9,16,44.00057126402834,0.021004532651048173,89.96954812784561,116.72709706303644
39139248,2,6,15,42.90328688445604,0.12952017954853007,133.52491849744652,105.12806172546316
39184371,2,2,10,35.02557679104406,0.040377460439852755,158.05744956513095,150.7193995049229
39178918,2,7,15,44.37909182787183,0.1783839554018735,168.96716953125824,129.49012556304183
39205578,2,11,15,7.487770896023473,0.7370530720885271,97.44671102807946,89.75961173495328
39348192,2,1,10,48.23710890751201,0.011879145893262449,118.35363810872026,92.0727828800647
39364094,2,8,16,47.89639883658268,0.23108511809849494,147.7271058155214,153.24299987899482
39457863,2,12,13,7.128511466784739,0.8102343163501835,8.770438338429358,6.651456776774736
39444197,2,2,10,41.36813931657909,0.14899174471928348,156.87575674427478,156.31507041791568
39484221,2,14,16,23.388727431362913,0.5700921827586828,49.69464154246337,41.08354957085444
39597959,2,1,9,45.285903833165136,0.2361975155668907,139.0870222627876,106.42904124295895
39672938,2,1,10,46.14163178683631,0.13725999253894056,133.58386255020392,107.2655211346702
39656964,2,8,16,40.769000583258816,0.04635033386228059,170.1133234086598,136.11269134137643
39679178,2,3,12,46.79640115275575,0.21190191235331338,102.64231206362973,130.70549189949426
39768672,2,4,11,40.16540596310348,0.043088749184138714,141.36797437106495,126.82577871585563
39797088,2,2,9,43.637809729076466,0.023764411242287533,114.2643058329348,137.39594596008263
39849969,2,8,16,41.450393450863125,0.13711463642897742,133.0434428940369,173.98443421530163
39847754,2,1,8,41.32759188175194,0.12733391826709953,142.92163553132158,120.30989394738496
39964981,2,1,9,42.43329696763104,0.00459971741264135,118.92082920102256,91.38027696858637
40006748,2,8,16,36.71621599322101,0.021209466565538636,134.34294493064868,172.99816965940627
40053539,2,8,16,39.47893842981553,0.02088091702967822,174.3024806630518,141.0212771407948
40160833,2,8,16,48.236002866343355,0.09752753371734325,166.9670719671613,145.44272721220472
40105898,2,3,11,89.3052089738122,0.21173681200135375,163.35101890385334,126.60850067995256
40164924,2,1,9,44.4542242949897,0.03094823865618865,154.60359001442046,117.78001646063804
40264467,2,7,14,37.126999360750496,0.0460183914037805,149.70101683287027,130.19514622931163
40275983,2,8,15,46.73846675016809,0.14507321879454982,110.61696503108577,139.45403063513209
40298838,2,8,16,40.621061473605934,0.02479492770880074,152.36398814264896,115.64599923716858
40307134,2,8,16,46.09312450020883,0.254245851961418,156.714567704178,158.20852809470662
40410220,2,9,16,40.886191801119836,0.138158971160762,120.89533152023154,94.50348248194247
40435764,2,1,10,38.98909223078883,0.04505855279335984,118.61151204605324,141.15922413266327
40550637,2,2,10,38.88865075493329,0.005270232073882097,129.84094598708498,98.79556873492113
40557411,2,1,9,20.797992193129616,0.6177622497923182,160.0686025944289,122.6256491085834
40575782,2,3,11,47.81040728219272,0.12531799525801435,169.06728641708304,143.5380886479165
40642009,2,7,15,40.478898624117996,0.0466594614083094,162.45756698767264,126.31769977173451
40697232,2,1,2,39.56605764635742,0.3534556136694898,28.664050608314398,24.16365456792268
40755269,2,3,11,46.82481809388739,0.06873268328842264,122.92944427385044,162.30086664352692
40868477,2,5,13,24.34161411780491,0.7310959230778112,147.6918838443458,160.11639842722093
40891210,2,2,10,38.54084959930875,0.012227151766476181,151.64117498448812,117.30315718251575
40988574,2,7,16,39.74617852952665,0.048658284438108226,114.84384050016736,89.13439966999493
41065564,2,9,16,42.810259391063965,0.05562980031144518,146.01507420743658,119.43444346250416
41068398,2,1,9,34.51304328921317,0.01967570241897753,130.04600960674338,168.15154112876596
41047395,2,3,12,43.35784136990891,0.0658913092740963,141.59965784209032,113.94410405690957
41129242,2,1,10,37.25958503673759,0.04534980437750047,137.7163435973499,111.06406722585396
41100508,2,8,15,66.39577792229262,0.2635919307313787,147.4985805625306,127.95008489014614
41235426,2,8,16,46.32378145333875,0.18559565952383356,162.96702990066518,142.01458724774946
41277874,2,8,16,42.991651901268874,0.09446137142219574,158.4089967649111,157.7742742731297
41284017,2,7,15,37.191345267886334,0.0428586854700336,137.64332787681644,104.29319175643711
41412181,2,8,16,41.632574807311144,0.056839084874333264,124.45781282280224,95.30940469301794
41490099,2,1,10,69.31504914654147,0.06538467665768609,136.02483245048643,105.60446541906698
41489394,2,8,16,36.87149435390567,0.03893215542323638,140.29402075053855,107.02322703741432
41549855,2,9,16,40.800410673381435,0.12027230622435027,123.40845457394015,141.25998353536133
41535149,2,1,9,42.16362598974762,0.1195926437455262,166.75798781008248,144.20009003885906
41513914,2,2,10,36.68498556004813,0.03641790702081579,154.6396549474719,116.77600929159189
41655541,2,3,10,34.63595503007295,0.9248814199107026,135.9062852336047,143.02347888794424
41657060,2,2,10,33.73442059698904,0.003603806667234937,127.50100468994384,97.06159499618941
41650245,2,2,10,79.24660687767191,0.18150184825830737,112.37579580706608,146.58154981500297
41682928,2,1,8,40.77077643695304,0.007674309436740399,106.46221774739992,130.96959931460398
41777527,2,2,10,34.780436527142754,0.028996073375842372,144.39999686411915,109.3653533287876
41732605,2,9,16,41.17648814495804,0.0065254399406020356,137.3195528349804,119.15595474040445
41859890,2,7,15,43.11505559627096,0.26613233485641863,125.93962516913474,162.33557164590061
41869490,2,4,11,41.93733623245377,0.02410328210403952,132.62856681311212,102.89560714572488
41908110,2,7,15,43.90830963038729,0.028288495507370993,167.7873246517134,145.9523165157247
41924717,2,2,10,36.76103768450679,0.03617244248243865,149.14539827258247,113.99775462112295
41965414,2,1,8,18.99023773697307,0.31471757024005576,138.2863808583432,110.79453570785286
41947395,2,7,16,43.46728130766102,0.002017342418603323,132.67188409197627,103.43100395715548
41981660,2,2,10,43.76908480662906,0.0874894538130606,158.62035447214842,157.3687114431444
42145076,2,1,10,35.353884602544824,0.04027070779063922,133.68299889499016,108.52265528708881
42171836,2,7,15,41.93643632240048,0.14560452327800497,169.69769080395466,146.83664938763317
42153499,2,1,8,46.463174537407895,0.10325476086582491,123.88606813234598,147.4053022078005
42151286,2,2,10,39.8525080136961,0.011867514363928126,141.09600998746848,168.9891332483824
42199973,2,2,10,40.98452993860249,0.07544828561438056,161.27154557477456,148.28342377959316
42287314,2,2,10,74.98065685165935,0.04789957100675786,166.02261312663865,128.18990829853962
42395728,2,3,11,35.708358168057295,0.015558321805723006,170.49369190190615,132.29323854147145
42432944,2,3,11,38.59521397570278,0.04199582992003799,161.0871045820994,122.73088867881489
42493606,2,7,15,39.88037677231942,0.08796279429140963,157.33127920885144,153.44535474730023
42506822,2,8,16,63.9250850016809,0.14032765017897142,172.15795784591066,132.31180820006674
42546060,2,7,15,43.434183981246456,0.16455031316830418,137.82698285241673,166.0668439593651
42573602,2,15,16,60.87711684474715,0.3938332725156806,35.34489987571882,27.449109467131763
42581255,2,1,7,47.67116368238606,0.053478434879435634,127.52670316641287,112.12167548118583
42621777,2,2,6,19.594933516497633,0.3879317107078243,96.39874662558147,81.77673360637989
42687158,2,8,15,38.07034869826337,0.01690641944712435,139.51603512486577,114.72111455311226
42733204,2,3,10,49.58653808530504,0.0013671862475479937,138.85385430699375,146.90872387276397
42732027,2,7,15,53.44700500780806,0.28546604472757964,77.93383467575515,99.69879030342675
42748019,2,3,11,46.93064767697661,0.15201862062324265,138.0478295891877,105.11947699766505
42716436,2,8,15,35.36571919876435,0.014734193538583816,133.1967221689357,106.43995081448608
42725597,2,3,11,36.559719733580835,0.05726246642860983,162.27320502104058,123.2658423062066
42794976,2,2,9,36.61976216992414,0.06500284200249741,117.09849366077323,90.61253187665608
42788133,2,2,10,42.65279294060652,0.0890798326226982,136.55078657976745,170.75093864903644
42913769,2,8,16,36.52308869151885,0.008056320739242723,142.57920197976685,107.83110164684223
43053863,2,9,16,40.53461167234367,0.024849209695266026,139.18313212263894,124.48091979764989
43093687,2,7,15,39.95621381943761,0.07505099647576795,147.89082847639395,156.69378058404462
43155783,2,8,16,41.0548011362901,0.0022721736812272935,163.31119993043248,138.77725539518926
43210754,2,1,9,45.62103260168902,0.11856621078618657,135.48168662781055,102.7067837668411
43226013,2,8,15,37.986836193227276,0.004011073056451401,140.18576798659186,136.15797060358813
43297913,2,2,10,38.502515202416035,0.07239688512101772,173.3945154534062,144.02454774467623
43324447,2,2,11,62.7213810816309,0.2923601607785204,142.98760387823,138.86065946866972
43336149,2,9,16,36.53711148471938,0.03962450693963499,144.00705249791423,121.2990919204851
43355950,2,7,15,35.34944201484159,0.0349942657900583,163.6452883613472,150.82955229256368
43319403,2,2,10,37.046284201500676,0.014662842287244956,159.6631622522874,121.33771589499845
43342770,2,2,10,38.56580451898682,0.05158241433470088,163.60986799795103,149.15656284451285
43668603,2,3,11,78.00392700502859,0.2596183778042728,164.47319898891186,150.97868002789525
43674598,2,8,16,37.042893593743266,0.019075557205877784,152.57455783607233,115.68565087630581
43770305,2,3,11,40.62347151808582,0.02119206826129419,177.1208168889229,136.2529189653955
43838932,2,8,16,40.25765933879461,0.015815802712911914,167.2944377335249,138.60319529610834
43876840,2,2,10,41.434224225263264,0.12236017530236913,154.28211640382239,154.41321920364604
43825258,2,8,16,36.91054554533295,0.035770058683139046,126.92083824721352,97.07563186051033
43800719,2,1,10,37.92112599253854,0.002480933611260797,142.74050829540627,131.0810093089725
43894953,2,3,11,60.88013659640099,0.1696433544502303,155.62439611555644,118.97994770640516
43928524,2,1,10,50.02051995415259,0.06002588688150401,139.83778693382988,112.93509864911798
43976405,2,2,10,39.19565553786624,0.08085757130985198,177.51660248960036,135.6031612128955
43908158,2,3,9,35.62139510218678,0.32921364511702644,96.79813409402462,75.65733595980362
44012625,2,7,15,39.083684776671255,0.0022202922383332937,164.55833419625262,138.34957074327943
44055250,2,7,15,37.71742780806985,0.03003843386955589,159.9066701940607,156.0217460591277
44022805,2,2,10,44.77907176520059,0.11857063055873152,152.02949040785268,115.10256734121083
44127190,2,2,10,42.39272188563953,0.048583869021254965,164.89210864232493,141.94868406589097
44193706,2,2,10,38.13750125358567,0.06992062909705621,165.9032467896708,129.67096317088794
44204932,2,7,15,41.44596300272339,0.1437873950649404,116.225790480688,89.28495860997863
44367965,2,5,11,19.68549948491153,0.743471743001462,118.47833781817117,92.83065507985403
44326105,2,3,11,39.140897723573325,0.0652343924155708,141.68705580793403,165.72836695807402
44382592,2,7,15,39.52821286490102,0.0358758148431504,135.50942878273787,102.72012232756032
44380983,2,1,16,57.028098765867455,0.1648789059524247,15.920751932242148,13.201869053209288
44402852,2,1,8,41.207020548526955,0.03926520116603305,93.3329822880928,120.25112318888125
44411478,2,8,16,42.06771904635573,0.017486357713855566,127.19957381161393,164.30032228837337
44598714,2,8,16,36.98733787325542,0.02113358299096122,132.59865218297952,173.86971219878336
44592890,2,2,9,4.994564123206405,0.21956081125976332,141.68992215522977,164.04772376571213
44630907,2,3,11,36.446594687328556,0.009626924383942725,132.11489868170517,168.6265543340184
44615961,2,7,16,37.52434264427339,0.12851055525621113,116.77234639746895,140.76268933288537
44675185,2,8,16,46.47676618486499,0.02261286422957263,151.4844117810029,165.61235347631907
44727712,2,2,10,37.872275764449846,0.016272165575620553,159.13738210449318,123.04709192769307
44947529,2,1,10,37.68094476601435,0.023042879485912257,126.46326312921609,97.77095904416662
45066488,2,8,15,21.8695212975261,0.8582870168507353,153.10872483299167,135.4165539306413
45155903,2,1,9,43.769697911046165,0.04172063181525013,176.62017564307723,135.9924212442601
45198370,2,2,10,36.25153062530613,0.02525734047804568,159.94574611125216,152.62211921495378
45191164,2,2,10,84.99362946267405,0.2871344853887445,177.2942884671881,140.8816402617834
45256898,2,2,10,46.26129785666621,0.12051985852835284,119.93991506396023,156.67051027512983
45229521,2,7,15,37.302793914001434,0.5491967990938446,166.6753191074253,143.0490314651895
45268031,2,10,15,30.480501437522012,0.487663763659557,108.14511940217716,102.18353748688742
45368405,2,3,11,37.84044643305461,0.0753624713858144,124.80374532678924,158.0780390853446
45317031,2,1,9,36.809531266560256,0.022678068347628276,152.51357151321753,163.6166658954097
45436871,2,1,9,41.43358920933108,0.035655987114791114,146.50344780251913,168.87705607535491
45421400,2,1,9,39.09367542224754,0.0515786668195573,127.14351210132463,166.72769375345248
45675942,2,2,10,36.67496106830133,0.06278162028258996,134.84458676182788,102.30756682085055
45798056,2,2,10,62.72035934888594,0.3586782764929961,163.92904995341942,151.84179741450245
45836110,2,1,9,45.66241446020206,0.05964765398950714,150.65526911465986,164.68422488498504
45941564,2,2,10,35.59220888423128,0.016920163681032684,140.7519455132773,106.5496405307583
46012399,2,2,10,46.201027010411096,0.200446637996791,156.78212048134492,154.69447255396489
46093780,2,2,11,29.894443133609357,0.9117964313813139,154.48752744381696,131.72788248611158
46122142,2,8,16,39.2455478575824,0.006765323956749736,178.49512430743067,140.92953212002152
46135936,2,9,16,39.46162131137586,0.09463414315329069,135.30198414381832,105.89190172823828
46109112,2,2,10,38.68026179425517,0.05182687681210601,166.07500733372393,141.18160411877275
46106367,2,7,16,45.41886199282836,0.02548700093287455,148.94946785487286,133.01360660301575
46185739,2,3,4,20.025071429173735,0.7716654655884727,24.838787441177452,19.04575721118114
46183477,2,2,9,50.877970844159314,0.10192408172429268,138.41156013322762,151.10371553617156
46306307,2,3,11,35.39422680325602,0.009452876023261163,142.66704155935267,171.636156161928
46426794,2,7,15,41.07835381289469,0.04970561020931792,144.2957109789806,109.99376951862887
46451826,2,1,10,56.169540730769164,0.2618885311365714,144.90562245070987,139.76997037276962
46487759,2,8,15,21.34736380789063,0.6435115483485069,112.21936415504992,147.27640226649987
46499218,2,3,11,38.096928579421274,0.04576773567279312,156.4453163329078,118.31356125989228
46553932,2,7,16,39.2374599833191,0.11129279930228873,134.31845622187106,107.04996974400707
46551629,2,1,9,46.46373275327784,0.178761829828905,160.3666353969134,149.6584354130464
46551327,2,3,11,35.06712522671737,0.04848168093329106,163.9195764218082,124.29206942600145
46571320,2,1,9,47.34153069371295,0.1975993271897997,170.5393570836214,132.70645533930355
46727383,2,7,15,93.19683736059264,0.13057756904358872,136.60673502838648,168.54235205396546
46748074,2,9,16,24.18414116977956,0.4979674562481849,142.79617978561987,142.10052591642514
46704094,2,7,15,36.99114903233698,0.0695890340231206,155.36343446659623,152.3934612959914
46740688,2,2,9,31.680164605270697,0.5350468301050543,154.73760118284827,140.95029568803162
46838400,2,1,9,35.07420531435506,0.05600101392353174,136.25999911940423,103.30767211493601
46869943,2,1,9,34.55183274057411,0.012142757847747068,126.11073220200889,96.16981220795158
46960902,2,1,9,38.65398977175505,0.028325517979982374,158.9237287319272,158.07756623924305
47072817,2,9,15,38.52236267636686,0.39888248378360697,89.4307259182089,111.45247593934671
47074608,2,1,9,43.22425530278039,0.13253817504910742,148.62814500108956,167.90309672859308
47174005,2,2,10,43.01622049635671,0.09751068537275723,169.19072565563457,129.15696675184682
47144429,2,1,8,40.93597443081457,0.07274301323580673,135.47631506945476,111.39636005375067
47107197,2,6,15,52.45287270305145,0.26890617377624976,124.72633277585479,144.09779226457792
47256535,2,2,10,45.12094682556595,0.06445463465735467,173.64553216896957,132.81020403375666
47299577,2,1,9,35.789342253423676,0.04540094448143895,127.84128878528865,97.34156292042725
47304311,2,7,15,43.979364150355025,0.07252088294998645,137.94760230621463,169.0668881371245
47390824,2,9,16,54.05774358214643,0.6296908646927858,146.65861628995575,111.22206969274534
47425399,2,9,16,24.17299685389061,0.8852218095930378,87.95278373795935,114.13759709786385
47460750,2,3,11,60.7315281628274,0.25116002221217454,137.04594959023552,167.01800447493085
47421629,2,8,16,38.66999007889633,0.005129719518585222,152.34226500653153,116.74744480194707
47424693,2,1,9,51.69299915411465,0.26324470030714436,143.11647227424854,167.64622296724372
47607133,2,7,15,37.82114856836603,0.020795726407442195,147.68030571744146,112.17542415386652
47634413,2,7,8,57.5001967282943,0.9410972812662769,22.03748550694883,30.349714462906803
47680869,2,6,14,35.17019977259737,0.6861387381434121,134.91260329771404,102.42924799865456
47696894,2,8,16,40.33907275155376,0.04447422777464426,160.81845889486178,122.35438455766156
47704210,2,1,9,37.982035379868506,0.055973624465663174,135.46368601356554,177.45388602127454
47785392,2,2,9,39.4392549919945,0.008364981283623752,139.39578642196935,119.10862534019977
47901843,2,1,2,30.791375629908117,0.8168247581509165,14.296549631322549,17.78220884756156
47990789,2,1,9,47.795815800373234,0.20362447680515935,164.91166037877068,125.04625723712978
48083531,2,2,9,38.066555731408044,0.06925876810345076,119.31748442483232,139.43444645150134
48129022,2,7,16,44.88694998769283,0.0734551947472214,135.5585631658525,112.19695918300881
48133870,2,8,16,44.44274251873732,0.17760320126840373,141.38217035459493,160.76736879175874
48272411,2,2,10,57.88084026750596,0.3432828380466963,166.70189088188522,147.2489679638109
48211802,2,1,9,43.609198253211304,0.038335558785456435,170.13496126868182,136.3297894836681
48222539,2,8,16,35.812288326337395,0.005953152261603252,161.86262717660688,122.5704802771305
48225420,2,1,2,25.09765608864479,0.6942086529632893,53.2786360797292,42.93771386537917
48235166,2,10,16,42.452266015341266,0.7430937280417735,92.38163948485582,72.82828607168061
48373702,2,2,9,41.7612861987232,0.072706517313775,135.27769154122018,129.80113800515713
48360951,2,10,16,32.45278736034182,0.7281515281600276,123.02356632472265,100.46326313171349
48337047,2,9,16,42.50708917691448,0.09231296197071752,137.40961676113426,114.64023857307755
48461269,2,2,10,34.99341750475392,0.013239216277224599,163.68771866004198,129.57149633004755
48476591,2,8,16,42.42867534511896,0.021278730305577823,158.59649607446178,120.40358011882371
48566871,2,9,16,60.54764848200993,0.337951010207859,115.12831794902269,88.73802741580168
48559863,2,7,15,41.96148739178365,0.12453228353577311,130.7525957092952,172.19663712754434
48619351,2,8,16,38.5459549555444,0.10130917954672314,167.30775484278436,127.29685134861391
48728739,2,2,10,41.55410704834563,0.035153793828162305,143.88662072445186,164.16993211291287
48792989,2,2,10,48.247836556808295,0.21645434464372457,129.85398082472278,167.64168337672146
48835403,2,1,10,40.59136282902109,0.0921938558723184,146.48278643555034,132.83271093356197
48807553,2,2,10,35.28825067085735,0.024413960862423537,116.78150974398964,89.65191440985605
48949358,2,3,12,55.07878234359925,0.32187238110885996,141.45440356035357,126.47548642192456
48912014,2,3,11,37.467571885004105,0.05801291331708217,145.9815475496897,110.17544398571731
48953753,2,4,11,63.20861085224954,0.29988608688046275,155.08791281035258,124.09523479760938
48997891,2,1,9,44.5123622254159,0.1403129052401567,166.61591709700926,128.22543227770169
49034493,2,1,9,42.258999183600814,0.052903114671116774,156.13029698333264,144.57274421943129
49107136,2,8,16,28.67580278033882,0.8232600889699806,122.64352650233202,160.23748697132876
49279687,2,1,7,46.06406934139481,0.08593451003018628,98.41131642284314,122.37490352950714
49220341,2,7,15,40.85619838130375,0.08032267260161396,152.3191044337564,163.92600125486496
49209709,2,6,16,13.027869598756205,0.5499005878680934,124.02410366603353,99.43128416284766
49314321,2,15,16,26.58240224843559,0.019622193937211513,25.374191021805526,19.93654228092389
49335482,2,3,11,54.447450814178765,0.24105817537978186,153.6021019271585,118.11398511849751
49332388,2,1,9,39.40869922959996,0.11177753523124373,160.1994500908288,123.55702932964233
49312114,2,3,10,47.84708539848974,0.20102753740491974,129.8856392308399,137.1738148008353
49312148,2,3,10,40.35741520550881,0.10681383330097596,124.66430691631685,98.61954668982922
49353126,2,3,11,38.12640762512727,0.029134707508861168,134.5246470585769,171.9881989549249
49323096,2,1,11,51.31229610738396,0.4270857676954123,123.42136904105445,95.46189224676057
49363131,2,3,4,45.92337019253607,0.6995562733861937,48.89414077075726,50.95967665007874
49445998,2,1,9,42.36090282375763,0.14810401141542537,166.32825212675388,147.94205637865923
49568237,2,1,9,42.02018071185874,0.17879771925130214,154.1566099281618,117.49425933300124
49569346,2,1,9,41.94058698738922,0.02282102099967834,165.5935708417644,150.0796000018079
49601292,2,2,10,39.322835675875275,0.07814162463637338,144.4898626263988,109.83119299609739
49655959,2,2,9,48.67729307480473,0.14233703308239049,122.80148301209869,136.04447578627529
49636481,2,4,11,40.900876271695765,0.04367355438640995,114.85385961135064,138.99515696139926
49766452,2,9,16,39.87835304033976,0.06840519144286406,126.95816458077152,137.93690863316607
49777244,2,3,4,19.76293616469575,0.9459056674575427,26.529501784002964,26.955093244387346
49782611,2,7,15,48.28644840564772,0.2708322273982666,146.34246682998284,112.07893568243307
49804422,2,2,10,40.433289546127554,0.036626177354526133,127.03939280617975,167.44829736989908
49865321,2,1,9,36.6650394057399,0.004042113886051738,169.13801380382222,147.29427193003704
49891714,2,2,10,40.05098826733382,0.13872693938902644,165.62068271853556,151.2135171852504
49952222,2,3,11,36.53837959186086,0.024884837327461603,140.2353166633299,106.10907856847628
49944366,2,8,15,43.32743255472795,0.10203443064102624,143.74682846426066,138.08963510858248
50020986,2,1,9,46.15779238264539,0.2191760047968315,161.70646281042394,125.79859079166269
50001692,2,7,16,36.95779321851701,0.003928649594353756,127.40142731875751,100.49794218238048
50008887,2,3,11,48.92323944226706,0.03529766811421061,128.08797763209395,168.89418250776035
50154402,2,1,8,54.28041692092128,0.21175144386586572,138.97785362847523,108.27882988379977
50182043,2,1,11,46.167763710942666,0.14359262238641118,104.35060925135468,81.49849635649453
50216963,2,2,11,37.559475647026105,0.06167319527574768,133.08917860430395,143.27866448433682
50236158,2,1,9,47.83922976872607,0.055107808341776664,154.45190839989613,117.08366833992821
50285141,2,1,9,45.19368494277626,0.21184021018792,155.12256959323992,160.36455148526647
50327358,2,8,15,43.886389946964776,0.06957811385528923,121.51244657325906,135.98566367810767
50407473,2,1,9,42.75591269668304,0.16738843222072028,115.7338353992134,152.99214384402273
50416647,2,8,16,32.41993695611174,0.6375823279522271,169.63450136630203,134.76029845672258
50451530,2,3,11,38.55763992251112,0.11439204313468901,164.9100556046683,125.41224891629825
50481210,2,1,8,37.96787407184647,0.04112379614812969,128.27976813308032,141.52110941961496
50508422,2,2,10,38.782519827540085,0.02603056602344948,164.0636039034116,125.93838106819716
50573766,2,9,16,38.36362863590176,0.03633177779175353,139.2269138436448,117.17855311723498
50587123,2,7,15,43.5461812506476,0.03623374658622625,164.514665500953,125.6244168331516
50584911,2,15,16,37.41953810672249,0.7452236708001336,53.37029149927373,45.918548529309746
50619523,2,8,15,47.62438750748043,0.1703556339979404,142.66366592950854,133.16901370556812
50714298,2,3,10,40.78978733090085,0.0021193715978346413,111.14941828362757,86.3742291206504
50870594,2,3,11,32.210929131283116,0.812323462459371,155.2588005482616,120.73164158900173
50803980,2,2,9,47.404659258615695,0.11614495815126427,128.84026348311346,99.86297710989783
50914505,2,2,3,32.021412837063046,0.7521770966640579,15.205509057112103,12.847144902540741
50974491,2,1,10,42.43496803151261,0.03486335232115575,121.54979611722166,93.89087376962472
50939493,2,7,15,38.674353005135316,0.03578243963612954,147.0008734585099,111.75075263083183
50901631,2,7,14,26.15192335669441,0.7262695334509788,119.80912172782412,155.3102430127551
51019386,2,3,11,38.173584534302464,0.019128457918196513,171.66273795365913,146.02389338049932
51033017,2,8,16,39.82038389172893,0.06602454379147625,144.52736653003083,172.027163688129
51171398,2,1,8,26.089907148663645,0.9100485168165662,114.63068646005992,88.3326717217074
51144932,2,1,2,31.250607324621296,0.76535323909567,6.636864333296832,8.464945848555818
51167231,2,1,10,48.61255555720579,0.004408815116107619,140.685822889548,132.51648036654694
51216206,2,8,16,42.01892381434813,0.013475682589269547,135.70498414773314,160.72786896144623
51347392,2,1,9,41.81961817254549,0.0979000833066652,152.35118634514708,171.27907937581972
51419220,2,1,8,38.56909330835224,0.021481539410913252,133.4829486445878,138.00604540151366
51557137,2,2,10,79.94385920918636,0.02360935718600107,166.8107749635277,127.68065193443095
51620968,2,3,12,36.381284118170754,0.5186931421073983,150.0313258185478,115.08424704979626
51750166,2,1,9,50.677148960107445,0.15607974007288192,123.83591855493137,163.6317426132532
51822922,2,2,10,36.00453026004171,0.027686011710149182,147.78441644572004,168.33454950909518
51888972,2,7,16,48.315329967077496,0.17087394284403995,144.7016306831442,125.05727025565072
51957975,2,2,10,40.32954219401867,0.0570057681951035,166.2571957991926,129.28620568337013
51906765,2,3,11,67.06802980624536,0.2872027122763282,152.50836233421143,118.48724878266005
51964480,2,2,11,37.59640507436167,0.008741402175249477,135.14231540077392,131.32975963453066
52055937,2,3,12,41.17989733863381,0.1503297975549685,144.23520431427943,138.39896705465299
52050980,2,8,16,40.45223107661386,0.1293309958932542,163.47467451783928,151.34004187841202
52099212,2,2,10,36.36701832176049,0.036132546620278046,134.05724821122666,101.67387095854903
52161493,2,8,16,37.07747286153244,0.04339633792749561,125.89517985669721,161.77800778928
52161921,2,8,16,36.95474178206577,0.02177174412856972,157.20358811661302,155.61836527947054
52200510,2,9,16,41.44931299829385,0.06037660090918674,134.62928039483816,135.51552445724752
52312958,2,1,10,59.62265073415191,0.22425373206562543,127.22646159627494,98.58718069501658
52377416,2,8,16,41.39104273548352,0.046582921368089614,151.37521214275526,161.74635141959575
52356009,2,2,11,36.910021375406714,0.02046178730171197,136.93450471466812,114.8074901689965
52416364,2,1,9,38.63927020533894,0.010453672780166708,158.00954039868236,157.55308048454728
52463489,2,1,8,56.73516837036716,0.10569957199901965,93.71098211996102,73.86111691192377
52405955,2,2,11,38.25476854763237,0.041993487249122496,136.1825420505909,106.11941308397346
52428384,2,3,11,40.75128405881935,0.07506557995795428,176.32424834633574,136.8745744320886
52411462,2,7,15,34.08188028733643,0.013380725023877826,140.41590194958323,106.99078670981966
52437419,2,15,16,38.21801961741974,0.0808981888717617,28.1874795131473,30.153907618186764
52539384,2,2,9,69.71932845966629,0.313432786464518,121.27809474924999,140.62623887775516
52572007,2,2,10,42.260618559078694,0.06877098558013474,159.6853879395259,121.53256223944162
52629149,2,3,11,42.18425531331277,0.07674151377259812,159.1662452553759,123.16327218652147
52680609,2,7,16,39.51371476997522,0.05306536201267341,136.80905616459648,130.28987053125635
52690112,2,8,16,37.06213044675974,0.042446560052489354,125.30507769877676,162.99599863987797
52741665,2,3,11,69.56827831578775,0.25582746170917453,158.64651370101208,120.58423130306676
52779786,2,2,9,42.83562207591053,0.009423406195592293,111.97660977804857,87.43248777775499
52798106,2,3,11,61.269390866633515,0.09422142280700789,73.25305746714166,93.00354755278994
52847026,2,2,9,41.21650353336082,0.11140114282498473,137.12744013645823,117.56800422563553
52869204,2,2,11,52.2890765418774,0.07155389033248899,145.97679058252382,135.2894035229689
52832227,2,1,9,60.3743637191519,0.6781358124608068,155.09012406112714,154.1749825738507
52863952,2,2,10,37.7728923880882,0.004822909213629581,161.48612696536554,152.81184826453705
52895560,2,2,8,32.01593985491443,0.5571789628418254,154.40337578269347,135.7901948745042
52942455,2,7,15,75.16994520514689,0.26589000779579913,153.83118951783467,116.07188234862674
52948256,2,8,16,35.92824094877163,0.031544630662403,170.78569538846062,130.05539516543803
52940430,2,9,16,46.655173512400836,0.09859729349592605,140.48477566935162,145.47652760950348
52929592,2,8,16,35.65965479824304,0.010570445240489655,139.87671740018664,176.69333110107172
52964464,2,6,16,19.62813296587746,0.8789090450389032,130.43269391147456,116.94465313306632
52980179,2,7,14,40.32773024435885,0.01911491701061998,128.59649632299514,137.7775206917782
53076017,2,1,8,39.62798190498538,0.060802670633801785,144.34387788823537,124.22508984388645
53038518,2,4,8,7.940814020674533,0.7611752457078976,59.93420120460626,74.51036654262859
53060889,2,8,9,36.191605106874015,0.8948538283734925,20.15623311255472,15.30967426419175
53088820,2,7,15,40.03021203760056,0.010466895396422241,166.32204713649338,145.97544955034272
53119108,2,2,10,39.53675642170214,0.023947819390323612,169.88271168536664,137.2408592039868
53140564,2,2,10,53.996065483501205,0.03138145282562487,147.72480828129457,112.43414628237959
53283488,2,1,9,35.83841304336113,0.033208755636603374,149.2235897785549,167.1037191627124
53308013,2,1,9,36.514606623097066,0.043883652906861595,176.47616879365114,134.95788795885363
53374365,2,2,9,48.07505019071206,0.13180507659162946,152.32679093009745,132.88162982902946
53388419,2,1,9,40.62922237547926,0.03243058420056545,147.44452581270528,113.81301224199885
53452384,2,1,9,38.816509061091196,0.08895534971147012,158.48193039534965,128.2107734741327
53553267,2,7,15,38.83115558407578,0.012149948831126318,152.49644355796838,115.38085488389135
53598553,2,7,16,40.490847821422776,0.016210742055322695,145.29568145947968,125.60794303413374
53672203,2,2,10,41.92868086445907,0.06146735257821097,135.47801143390302,175.21442793051557
53755970,2,2,10,36.91721770285761,0.05614730325327607,146.23339157437832,165.3998440507989
53739815,2,1,10,37.55864744315136,0.023834914736061107,139.913131616768,118.84471666756292
53766157,2,3,10,78.87813035468301,0.0013920895901594877,138.2814496580991,110.18224907065908
53703824,2,1,9,53.21685286889546,0.14515804946283906,167.10859910060913,151.596672267869
53831325,2,7,14,36.29522384022184,0.004592079526557853,147.16118952232438,127.26925885293967
53855358,2,2,10,37.230390833394864,0.0003148826712585391,169.74795659773716,137.0704199122891
53907479,2,1,9,41.643408308897804,0.07484885308999917,141.89620679275458,168.99109575706464
53947581,2,4,11,28.37940531731943,0.7256222783280051,111.64941980526305,86.57076082239745
54048273,2,3,10,24.73712653184309,0.6995950188698643,114.82080244098383,144.5381693447245
54109177,2,1,9,46.69036391167096,0.15946505226337676,176.00180564978388,134.77586806922298
54278511,2,8,16,37.1364123966345,0.010476332307554912,144.9430753134767,170.89382112070115
54254460,2,1,9,45.25929955483537,0.18229396984563245,136.12156810797504,103.75295806074996
54336096,2,1,10,55.72018119033241,0.32329035688837965,139.55068557723402,132.70582752755575
54307991,2,2,11,41.64518546916453,0.08996209258411346,141.95883718286368,115.22042246354238
54396713,2,1,10,41.537893162291454,0.06086701705546349,116.7171786000577,149.54825841202478
54414419,2,1,9,37.900839382401315,0.02267600414377298,151.7244450628572,163.86278591429232
54482036,2,2,9,40.99410265351108,0.14499015309940447,126.5203196608136,97.54039214936813
54580408,2,9,16,38.39684742906978,0.012035336613726006,134.4028770773221,110.42256606296687
54624474,2,1,8,44.600895603442495,0.07743112595394425,147.54696860399986,139.83502565517324
54673770,2,2,10,36.63824204985097,0.01782431130940833,143.7449747285129,109.83160759549605
54728739,2,7,16,41.178125876692874,0.043101847135568576,134.52648086493596,138.63764524578738
54843083,2,1,8,30.70514994163701,0.34984382892070126,112.61792526546054,142.57091343496123
54810328,2,7,15,36.80230064536526,0.007750823565624533,153.05291089396474,157.17864741190434
54829981,2,9,16,45.314092200600754,0.15088450285160113,146.0374421258547,129.16935410085344
54896061,2,8,15,22.84760536994592,0.673067385711546,128.02988612299913,159.9650820536584
54889614,2,7,15,35.45599884010591,0.016789896114047673,137.23376943316768,161.30016726641674
54891640,2,7,15,45.52790684110347,0.11213628079906471,166.8102199200052,149.28772046595515
54985075,2,2,9,67.35026179138833,0.1773764255180409,132.00265423533884,101.3930033548506
55006367,2,2,9,41.936856504879245,0.1435316658082553,142.3568938874896,118.33012147444971
55047224,2,1,8,53.6618694455436,0.289313492276369,142.20943897737226,141.13303754417518
55058808,2,8,16,48.76827057081863,0.033754459874194724,133.24590384174246,101.40827665560188
55090407,2,7,16,39.172760706863706,0.012820069613214049,139.35027815824108,122.65192977202898
55133553,2,9,16,41.84917875677945,0.09892665654119302,134.1682084791442,110.88977064846421
55134541,2,3,11,38.10599240085229,0.04073139394673625,151.08032700251835,114.59887644710854
55132314,2,1,8,32.98120704346513,0.5230092132406162,111.63511975487945,144.312189170964
55121872,2,1,2,31.204987121572874,0.6304036124376139,25.287298112532156,31.107702172185043
55186209,2,1,8,48.61939844052833,0.26160429210803643,139.76939359273527,125.85584627492982
55283162,2,7,15,37.69288855150871,0.013487569859236598,142.22414587655152,159.3776110036224
55404511,2,1,9,62.96371153922389,0.32155678182306935,124.25815084563393,95.01539494792152
55427029,2,1,2,32.588294886733344,0.33670988340499247,26.605732073985298,21.511025271517866
55502039,2,9,16,42.013915137052656,0.015100720279223687,144.8438609827891,119.90322058408584
55524666,2,2,10,58.07392316791339,0.25213570585623185,154.4304108775567,116.4599847459794
55553627,2,7,15,45.824450963881645,0.19022408005833677,139.5238749690821,105.63053585830964
55578563,2,6,15,69.17154769644998,0.012036014107620693,140.96407899456094,113.60995637788464
55760598,2,2,4,35.580114510796236,0.8718620758597229,24.941654806008117,20.46097394198739
55932768,2,7,14,47.79618738663389,0.09999909724342365,158.5831931386012,138.81323392282664
55972856,2,7,15,47.7122391157521,0.006022203594198837,153.76471470762883,118.63299953742445
55990012,2,8,16,39.89144874262672,0.055733988599329744,161.58720187211685,126.37554479590939
56029181,2,1,9,44.48872403752442,0.15427851342075088,158.64705530092488,120.71762438693958
56171770,2,2,9,20.15424940213445,0.9026653062659513,114.1601801690997,88.33757639702178
56168650,2,2,10,43.50549474096612,0.1785070145447865,139.873386301123,106.70516158715219
56138530,2,1,7,46.45874830690195,0.099863805823766,123.88485554691891,97.15131605938875
56189768,2,1,9,44.308612780429584,0.15180144354693845,148.45277406865532,113.45671077711935
56271223,2,8,16,41.38475270661727,0.09126458448207135,163.09712987415023,149.73702411137813
56330684,2,1,16,20.34666351148231,0.7429633524588319,28.22177128229203,27.206115368788513
56384095,2,7,15,44.78774300550233,0.003957807838407295,145.21554319539453,169.89922219959655
56569198,2,7,15,44.78590609489856,0.06418525650666719,142.29791605038784,108.04642604207248
56515756,2,9,15,25.150556665122043,0.7528829358954147,108.02224937551156,132.04922737090743
56526384,2,8,16,34.87741416105222,0.017250610371929525,144.86812556322297,111.83780919031919
56553576,2,7,16,34.38467948274135,0.03133416609753837,147.04813308558252,116.60282822336036
56561477,2,7,15,35.50223721847661,0.039601647823063246,157.39802431654752,148.46601599813414
56639465,2,1,10,37.296392845625576,0.00014687687503579265,148.48393492764956,118.77081427592951
56661984,2,1,9,37.62424462322678,0.04369796855335871,174.5146985393795,135.42705344952148
56846869,2,1,8,35.76676418147285,0.02188927875101233,136.6528288984621,110.20727935125583
56953704,2,1,10,43.665040720955915,0.002540460771662725,121.90416873666744,135.79344186281517
56933291,2,2,10,40.15762428348789,0.027672635243033816,164.22317940208762,149.8599931959425
56993819,2,2,11,36.52321758304213,0.03483384546595472,142.26241106952875,115.36781754200877
57029230,2,8,16,33.76724622052181,0.02261206157473706,124.61566358852168,95.06099704383227
57175476,2,2,16,25.186873606573567,0.7938881580423892,35.84350584401656,27.682196361710474
57261554,2,8,16,39.683675433262884,0.07728950559138986,152.85313209950812,115.7875532435626
57249233,2,2,9,41.15649708706865,0.03315906083249515,113.73268060803846,88.49575758395689
57295826,2,3,11,35.9181162426861,0.007829092438798932,161.55301540184945,127.36340590913511
57334106,2,2,11,46.029224829498816,0.20099542384200358,137.90224942267707,141.11393040630026
57381396,2,8,16,38.506042681183686,0.042362565993494784,178.23389308300335,138.7126427234076
57509885,2,3,11,39.056794689928495,0.0605709687017143,123.49642199717047,94.29860249065797
57557185,2,4,11,45.25230343637503,0.2394767629989314,142.10314311901155,139.30831591221346
57659054,2,7,15,35.09696072019684,0.7887418023519148,159.74152765649131,156.44257794121154
57693309,2,8,16,37.78653868045419,0.047490774130439554,163.65741252336244,153.19723061420686
57721556,2,2,10,37.906501993525055,0.01612181135262091,165.27511780770664,127.5275384436073
57717634,2,1,9,37.926730612685674,0.02704698448118251,138.81960721769903,174.57623139511864
57785939,2,9,16,49.01737112326005,0.09251080508282014,132.90702761131666,133.35210844213609
57873271,2,2,10,43.44811525124149,0.0353076937476608,156.57244811738565,150.58717420320502
57896003,2,2,10,37.378014405855325,0.029134662736625218,159.82980908806894,140.96576915791232
57882179,2,2,10,38.840121732710074,0.08793214401761568,123.78995526819234,94.5703298261078
57924951,2,3,10,92.81156551677714,0.3511651302761644,144.2995941314433,112.95523362311623
57950557,2,9,16,49.671233914609594,0.15627988266879014,141.20490831022903,136.38993553544887
57903756,2,1,9,48.51161033927251,0.16864202699216232,175.4435011731567,135.27303381589314
57913104,2,3,11,41.78764205490859,0.08851844228962936,162.6093763993924,147.3580514630249
58076062,2,3,11,37.9453750603665,0.01820658415139843,152.92407693174792,158.69108999753468
58004417,2,2,10,35.69965411422075,0.03955732720139115,153.38946570643895,116.55772277168022
58093974,2,9,16,37.8711925335311,0.02368821314450285,136.4414831421702,135.2761329019645
58201572,2,2,10,39.99983870953618,0.020231709386210158,121.25960772224798,159.3672114051874
58279532,2,2,11,36.79415052311691,0.02587537313464268,132.43272311407185,140.42487441374712
58297288,2,1,16,43.30132902715357,0.11869316946453833,2.141399658948856,2.7867953004509287
58384308,2,1,8,39.87385062543433,0.052900884740927474,142.77966231207898,118.31950506297699
58430125,2,2,3,31.39792389176864,0.40076695498536796,45.15244475815153,44.30319830892046
58414404,2,1,16,27.447865639095316,0.9250738208153454,14.38646148262463,17.528135410422838
58435192,2,9,16,38.29036424841913,0.01593172672476906,127.62581141303438,145.667917866319
58492042,2,7,15,46.026794038227514,0.14309373175128065,172.5754643342054,142.96691316338485
58524205,2,1,9,43.86680291969145,0.053372355025648466,160.4285666849883,152.43036685012734
58521794,2,2,10,62.165103880980055,0.020744400924096438,161.03520766618567,125.18620000744353
58650336,2,3,11,39.6251814165736,0.1140593552182209,155.7199460160155,150.8230035300886
58714203,2,7,16,21.609296635510738,0.8041545544509751,112.53493684006466,143.67601171890277
58714233,2,8,16,37.1249252393575,0.0015998267198742081,122.77348311730216,93.9653894553756
58782352,2,8,16,39.365517232100544,0.09450906865564963,172.2395755616835,141.13694943273913
58799774,2,3,11,40.25011229195269,0.06561447219473805,170.95636590329295,145.3437132212415
58838915,2,2,10,48.50889366182799,0.21439060980603955,165.3250433991213,147.05804668411625
58831534,2,1,9,39.056161376318556,0.030764772244003185,103.48562535637967,136.23739839287066
58883149,2,1,9,49.50354440163475,0.09650395670661582,152.7022081932001,116.76676184795221
59036051,2,7,15,44.919976682089015,0.18489036983883456,138.10781901118554,162.92805344853136
59048848,2,7,16,94.60149210309578,0.0463547307449808,145.87137757101277,143.59780167676675
59030855,2,3,11,50.24007329730696,0.12380095002881572,163.5259837429686,148.75216975842437
59090140,2,2,10,42.62562148781278,0.13625646229415123,161.77575433702353,122.89600974565744
59112625,2,1,9,36.04304320210092,0.007214011562988588,166.24704523225816,127.9776113083217
59168635,2,7,16,39.312864929603606,0.03816697734620885,145.17524062989952,118.16565574494929
59231634,2,7,15,42.08052655478406,0.11675391446323007,131.4835555161933,169.29657978682042
59354277,2,7,16,39.94474718029534,0.012896423957152408,148.38768907795472,135.53468484977847
59303748,2,8,16,39.35349136151471,0.022871348764627226,166.36918615486158,140.06205274401552
59418523,2,2,10,35.857114034056146,0.05609994349816347,163.50710746836324,147.11546120379188
59540118,2,3,10,43.186803908040005,0.10034625618955703,123.25800564071767,142.89354849514933
59650347,2,3,11,59.45450957817361,0.3131954569572272,85.71995174763472,68.3809842096558
59600923,2,2,11,36.986368896968074,0.03716425654821607,141.57626997368763,117.93410214727307
59631645,2,8,16,37.51141868408802,0.12015596705291033,145.8571233206655,111.04387276032989
59640522,2,3,10,37.06389739528764,0.015927888069560706,124.72659074125949,143.6138530497878
59772144,2,2,10,71.56749519472366,0.27544460065217813,138.18964685805372,178.00802030606042
59713163,2,8,15,42.1315539926143,0.033872060490255866,114.21551521921111,88.95783631347346
59807398,2,1,9,38.628716954594694,0.09914774533851604,161.15398811330988,131.237990350229
59835068,2,7,16,40.85699379349276,0.0002875653812217419,133.368880708715,106.40037993180063
59842276,2,2,11,28.408478661746333,0.7192998912398567,120.11677549455015,92.5951468093936
59959526,2,1,9,35.50362285515459,0.08549040744974701,146.0864763878927,169.71835297610576
59945983,2,2,10,43.76469948304597,0.108025378004899,155.736597216373,119.72642297133028
59992026,2,2,10,41.315983638424775,0.0632958195450145,154.70492805702014,159.37783465879897
60005863,2,8,16,61.40321103770694,0.4053960361190674,138.0917234222196,105.52927898166251
60041238,2,7,15,38.16474479025468,0.08452658731971804,152.06863412886142,162.02358572340663
60156533,2,8,16,36.129486957372606,0.01710973676400061,135.45818266845572,175.2334491283763
60186753,2,3,11,39.26946441160003,0.023128802773546335,158.99763636368618,154.8098353199685
60280176,2,1,9,40.71431999102096,0.004104455729864006,163.13063664122845,129.61584090427874
60361086,2,8,16,35.09514590135675,0.09938587029644652,148.68793277552118,114.35086989340827
60305252,2,8,16,39.348898542314984,0.07243831895960812,179.81804025028217,138.78578824501827
60323495,2,8,15,69.57833581814113,0.12931272968736057,126.67212771440448,150.02414507794057
60476043,2,1,9,52.71166913775238,0.16420136108148536,140.0816714420116,176.69475219047678
60491290,2,1,9,34.61252368201515,0.009741352389224278,165.5869616703244,150.27170747589173
60519621,2,7,14,46.42599140757053,0.16019645322635334,138.02096518913342,119.12124095178062
60534577,2,1,10,38.64292944985057,0.03962771594390441,115.3654652659758,89.54378917747134
60679357,2,1,9,39.61934350038878,0.13093803239684673,157.12206566712078,156.882263348863
60701670,2,2,10,37.857503326539536,0.04101874292347541,149.73202505745795,113.54155454373242
60751084,2,6,15,29.054266927128776,0.5190008399971276,72.26224270493682,58.94609954720731
60716183,2,1,9,36.19891665838236,0.021911028008159732,129.94061984951378,99.05557810088392
60878868,2,8,16,35.10154620887788,0.02423914944659104,174.96331995028666,141.11388619391133
60983763,2,8,16,43.48150977138623,0.04807808663924576,156.1516547558766,159.6089992858154
60981961,2,1,10,40.08672845486788,0.04289254929669475,152.77542516942384,121.79623262794598
61028116,2,7,16,43.46109407371374,0.10154688334132551,77.97261664949691,62.713923437663134
61081644,2,1,2,57.51912479973589,0.005357272975836705,7.73260743124603,9.369736154670473
61132571,2,8,16,37.00633133692962,0.005157612881144211,125.92289567461097,166.18098622346542
61161779,2,1,9,65.32329033178155,0.06444583662367638,102.79773994430495,80.14850164726629
61352910,2,3,11,44.28928474004705,0.17332972375963568,153.45399477523762,156.46077145208008
61362993,2,2,10,35.00523291136446,0.003556735960328024,123.73390472620468,94.44304502782427
61399074,2,2,9,45.987952364848276,0.15365596813889038,139.74635212939705,120.8747690704345
61425657,2,1,9,40.85184649984751,0.11222305829042721,123.7180772267557,160.85150750263492
61476885,2,8,16,41.03649781761746,0.09279193414137485,143.03453586919363,109.83030711476756
61404713,2,9,16,38.24187317248912,0.015886712729843974,141.1107175976819,119.6022629478851
61481768,2,2,10,38.73227356364997,0.008961984810084563,147.49230226524443,112.18733856610764
61514124,2,7,15,58.57987047160288,0.39288118452521215,175.4806160077909,141.3227917409852
61602589,2,3,11,50.30538875162803,0.2631367341582908,141.30040048041678,176.26131291809023
61810646,2,1,10,53.00130333444825,0.2667779262103123,141.2825946445107,129.35815115425592
61919891,2,1,9,38.95635473997034,0.03850459137867679,169.78486258965904,128.81304947456107
61905561,2,2,10,37.297207541635956,0.05849339664112019,167.02001446002936,142.71135533998373
61988208,2,8,16,39.05954272420075,0.04420342253452444,158.98529842955793,147.52816418530097
62104448,2,1,9,58.126384684844034,0.0018618411937731292,166.30020649803822,148.15045353201117
62108313,2,3,11,45.346667536380544,0.1466586638192692,150.08724897949602,159.0516649660901
62187863,2,7,15,36.74984634535539,0.02337557109056213,160.2546650330677,153.27905702328013
62185142,2,1,9,40.64143981030593,0.08895821716665726,134.26105762695653,160.79592629433097
62252158,2,7,15,37.025245323081236,0.024451817730740125,160.87907084667916,124.02764452723166
62313359,2,2,9,36.103860716757694,0.029402043843689725,140.0818058994597,115.67743710739425
62335765,2,3,11,38.25747318302897,0.014354646416188872,167.4874711476679,131.13047841108835
62405792,2,1,9,53.640794502728255,0.005615994562881025,146.31034413607716,164.91499193334954
62510851,2,1,9,39.01979740902019,0.025846042012540132,173.9508637715585,134.78105140540134
62586132,2,1,9,40.267845566534945,0.08924916756816789,151.5908256158206,164.58781533908203
62579252,2,1,8,41.781684060450054,0.042836900626985475,122.47507202650078,142.08682706996217
62633177,2,3,11,38.11584844895306,0.04994057554748685,149.40719528978255,113.16467028478166
62638411,2,3,10,56.71255544493091,0.3218164813110303,123.72440897195722,95.29931962333457
62660860,2,1,9,49.56869671373416,0.28012057630505294,165.0182407567785,144.42513698287917
62645711,2,2,9,10.614427259051544,0.6446120199881206,150.61502139482135,153.70176992589643
62616338,2,7,16,40.36398108267157,0.05207018275379777,129.38438069383758,101.49577263314207
62724010,2,2,10,35.75929375125052,0.034102773733859115,173.01281817426508,134.94362859048496
62752441,2,1,16,31.721630658823134,0.12516101276394048,23.306539139547255,23.41281513342072
62794243,2,1,8,41.74807136860622,0.03397007605477363,131.70629657151832,103.6893583147128
62837613,2,7,16,35.51789756932759,0.0009712175432832043,140.0655554646964,112.7956245842328
62842137,2,3,11,43.3965149400446,0.11345523982133855,135.94994775078302,103.10062271140646
62950786,2,8,16,39.83481547357689,0.0368900195862638,158.2681729660598,122.95372010745187
62937444,2,1,9,42.067450186117426,0.06322722992753516,159.48483259578998,120.75780525635372
62937284,2,7,15,38.900411316565666,0.012195204445711283,171.61547269544107,144.68812635359743
63074960,2,2,10,39.12636442230135,0.04531252390534801,151.3192684437541,115.69082611733427
63046850,2,2,10,61.53056914882849,0.23764091106051946,149.58763134224216,112.88824144435296
63070769,2,8,16,48.29100950049575,0.25087621197225257,149.87888852113002,116.425358222375
63100115,2,7,16,46.73137155187109,0.022035331816356557,125.45876353401417,148.91308995020165
63213369,2,1,9,35.0010179402399,0.010279471923134702,167.83385144350933,144.57936056729673
63288095,2,8,16,40.036237471688935,0.12015033702879117,139.38192479860868,177.5988245990909
63317196,2,1,9,36.99030939481683,0.03780803106573714,138.50907240559064,105.08730210986151
63439738,2,2,9,58.62415100778914,0.21576963604768631,136.5062450771831,140.29150895803576
63428424,2,1,7,34.35077333721332,0.5317977781968597,83.19200714068181,105.41995375436858
63425771,2,2,12,47.10823567945267,0.05431620802574064,115.90267652309358,135.98822225792927
63558198,2,1,10,48.303121012049274,0.037013939098907975,133.42530634497678,103.51308490639704
63547789,2,1,8,52.760963564171576,0.25313469613018513,151.89597291019697,116.86022937920725
63601060,2,2,9,45.068660021550656,0.026110027036719736,135.6719607004257,138.43979149754645
63604628,2,1,8,48.748020172894,0.19875583439668246,144.1423304788771,129.935928507907
63704954,2,7,15,37.76393469157241,0.08185456893960691,118.5914193275416,156.8144973310183
63813969,2,1,8,20.511801060456943,0.8394497229945718,150.52569305187623,139.63253488557137
63807712,2,1,8,20.486931533193374,0.8165990091484936,134.1795206933054,105.2841037506739
63994598,2,1,9,35.93593216572154,0.08729278828587933,120.39972952489985,153.61947259184313
64172743,2,3,11,56.63865689138848,0.48091763370698454,93.85484435348131,121.49411096112692
64175373,2,2,11,37.467964838284175,0.011285452858978922,147.11723697265586,126.37310016398987
64237299,2,8,16,39.37633789192124,0.057672529477137406,159.82769144815754,151.43781545728461
64246873,2,7,13,34.6312442996697,0.781981203515507,123.68289355396078,107.21737133793737
64279085,2,8,16,34.87846296023861,0.0018058187894407828,141.33587793663332,165.4022335099136
64284921,2,1,9,44.85369523478276,0.1760357222105967,148.85872301644156,112.28837527050423
64367888,2,1,9,43.29885960832122,0.03164035594966627,166.84541830036633,127.33655505348635
64434760,2,2,10,36.93224289491765,0.011864752393557708,149.873644575442,150.47570562509827
64458021,2,8,16,36.11741911854702,0.023604083963907674,171.40903618953914,144.7976088621459
64468919,2,8,16,40.17237424428957,0.013532195396816743,163.90253501809505,125.03321119519144
64558341,2,3,10,42.465763531991065,0.0150461503064146,148.41191893025086,138.14551886699482
64511411,2,7,16,39.84690277713935,0.029911917872924566,131.98232607236883,135.45909736826607
64592049,2,3,12,40.64033386672232,0.06268121082619017,131.48221720495096,103.252717519092
64661167,2,7,15,42.648841612950505,0.0728077313182567,161.31717257162683,153.55015288053224
64734826,2,2,11,46.94276719776745,0.09153820927842267,137.42511561933713,127.40663680813331
64801893,2,3,11,43.541291809990206,0.1572648835404733,166.70518547216452,149.4409156604732
64869421,2,2,9,26.135016800072023,0.734925492858809,160.21714785714371,148.33960276183322
64955482,2,3,10,36.7280997465815,0.03832830150754045,125.94437220277037,97.67644328398046
64923606,2,3,12,41.75579891129382,0.1258648255511016,132.01022980370954,106.99244136062651
64948395,2,1,9,39.50705796331814,0.10310256796719318,155.70701447669012,118.44800967625073
64944243,2,9,16,41.872054073842754,0.03554736651370695,129.23481788865016,152.51858637659933
65019153,2,7,14,37.74198844569959,0.014324440539757946,144.83263798280802,125.86600597798045
65226164,2,1,9,40.0097670047608,0.11808682869228813,160.9734417310163,122.08233025611675
65249028,2,2,10,38.9615189518755,0.08596394371999383,172.54819002622185,136.87679466090367
65296916,2,2,10,61.82646684079785,0.0048706409517178615,123.2956892908766,94.50745943066441
65283748,2,7,16,41.23821674379189,0.05127970172460881,153.84189702045805,125.10266277856502
65351123,2,8,16,42.14670340182577,0.0009130232464361629,159.79705790865512,126.82924289608839
65430807,2,1,9,45.240061479846034,0.12816241915299012,149.14732014909544,112.86364748490183
65458765,2,8,16,35.45566683703095,0.011577474396080305,158.05786027234788,142.42610412874689
65517287,2,1,9,43.43324903801995,0.18144345993293587,171.29934792043514,143.0409289059072
65603424,2,7,15,39.818857943786085,0.02528759536243703,154.75633078715876,117.53260103026768
65643309,2,1,9,37.15747843606745,0.033355777409732563,172.7764846913489,139.7909992875074
65660960,2,3,8,42.04312650251325,0.46048312739297204,78.48239407239674,62.8821905651671
65601060,2,1,10,40.80844535730661,0.03529625271075044,121.0593257535117,94.05237459533038
65702217,2,1,9,48.966664821793344,0.04215979290073825,165.46880476362205,125.73400270603476
65713451,2,1,10,39.97322675687212,0.0770905847276701,115.6964450863465,90.05519295389188
65733172,2,3,11,61.26480338244282,0.34580785965540606,164.6620915271734,129.28974703790084
65788680,2,1,13,15.535072892177235,0.656209625075293,72.66808921663102,57.61704912329695
65812860,2,3,10,43.101298877068956,0.08293808009364878,116.10117698015978,90.20728544548112
65804050,2,4,11,44.12198794088685,0.13916673644722236,141.85431362715934,126.31293645690725
65827847,2,2,11,45.975325042323774,0.11542125991463449,152.9079103132178,129.0312015444853
65960089,2,2,9,38.407724333881994,0.02608516935216945,136.87047787299343,147.23002165584754
65968924,2,2,10,35.16639548032752,0.04025699566637797,170.60200814707207,138.85634884360218
65945436,2,1,9,44.7300917171133,0.06706445089179636,132.848525372453,100.80187121547081
65914228,2,7,15,36.66496783976725,0.05043952047748312,145.44525862066035,110.07092681724829
66009989,2,8,16,36.239652122159185,0.07031785775644882,151.71259573423492,160.09234265125974
66013478,2,2,10,44.25021653476256,0.038984895116854434,143.10872265649755,165.39619373305942
66018930,2,7,15,50.80228456154197,0.05512341890571408,168.54394310969207,139.83020047827094
66135983,2,1,8,38.05062361960823,0.06751554875685664,131.31287319747042,141.67178136290713
66178589,2,15,16,28.596644307013978,0.9227452912309713,11.630917530634393,9.604771652479657
66229471,2,2,11,39.72715215094254,0.015115126340715908,127.08658729997016,150.77543850781328
66209197,2,7,15,49.8752038828312,0.15679770774731014,168.93975663664526,128.63428623466447
66215153,2,4,9,22.5086851593878,0.010189568365887582,72.2381634516577,91.27652229496073
66226372,2,1,8,39.57894953412031,0.12605175788224895,131.21605988958154,140.48212585815213
66204358,2,9,16,43.93169435054052,0.09158971730602562,139.48831918443344,121.94423303572044
66367798,2,1,9,48.10009975707177,0.2692305497880004,161.49777195842879,124.60157732100497
66330552,2,8,16,35.81940311378446,0.03823827014414388,161.92067923155125,124.6360804063884
66411851,2,1,8,41.354680479843765,0.044923498886483906,145.27830924454236,129.47045468284003
66406530,2,7,16,43.69801060837061,0.17631249650073016,124.4801702716282,140.1195836848812
66548303,2,3,11,37.44447171432717,0.07466303775665983,145.8464835306787,170.53169188353309
66504178,2,3,12,44.95428201530233,0.04056736287145366,136.42289976013686,105.65701115020323
66626308,2,15,16,31.407602110606312,0.807941291957233,14.030243848037204,11.471514917763647
66687793,2,3,11,25.235908236772126,0.7701916622375606,134.35177057206477,101.91782364257216
66902112,2,9,16,40.98839865888711,0.05794450487703302,148.3903089955749,127.16346918027814
66946569,2,2,10,24.745969599133883,0.6951980939125113,149.53252789908444,114.55797012644989
66925592,2,1,9,43.06571810377545,0.20840176495887433,136.68346618785887,104.26588147679924
67003602,2,7,15,38.39641991309941,0.02753537638927805,174.47121367737665,137.62185613018625
67010107,2,6,15,47.08460056502888,0.06676371318525309,140.75789306826908,113.73665879487102
67024006,2,1,7,24.998941807731413,0.9083218329607561,149.98156930812405,129.08831233925477
67070128,2,8,16,40.946748819370924,0.10577495899772515,173.2761001173452,143.02138142434723
67091086,2,1,9,57.177307799077724,0.04296703391282259,161.25075272562384,153.82108331562748
67136789,2,7,16,17.003905271484847,0.8154615580726231,127.06146021413869,97.94818739727741
67181390,2,2,10,54.63793189891599,0.11412684231222274,130.45229497965371,168.8075631166504
67183904,2,10,16,34.4301850938301,0.32461808129278424,151.51351525370757,151.97507116324456
67322421,2,1,8,40.37373675433412,0.1182973652988581,145.45344690155457,125.45398939285789
67347993,2,7,14,39.00724883561096,0.06607963447259067,110.42538610430985,86.306595843409
67325667,2,8,14,60.14544495408928,0.09056330417762949,102.74589298395826,116.61034017712649
67303212,2,9,14,19.323650513490577,0.7179691799762221,93.74933249855235,105.11675084622168
67345859,2,8,16,38.84793035765445,0.04002660769018728,146.3810919617501,112.57487983020923
67327160,2,8,15,17.500213525456097,0.9386094731408627,126.93349454309782,167.31489224583194
67497409,2,1,9,43.744757945889674,0.06683584378633592,164.79346367084787,138.97552972040057
67514438,2,7,16,37.30837086840735,0.03257297666868229,136.14234267718132,124.7783187300541
67543187,2,9,16,45.20103582268469,0.20385701889736896,136.6804975475204,107.39322500282775
67580272,2,1,9,44.08670584091267,0.1476706700308037,174.61529152388047,139.61528535991175
67522025,2,2,10,40.93777754015167,0.011395252413385471,176.67615364793156,134.62320333328867
67653355,2,7,15,41.93900732062355,0.020898752555740287,126.12605657493062,96.59182970991019
67666983,2,2,9,36.42928505423143,0.03280868659646308,130.77507194960182,104.22790043367476
67643846,2,7,15,44.33022179720581,0.06318430747601582,113.01194255964369,87.03001127134755
67600462,2,2,10,36.16363249917407,0.02073364039079462,159.15402108227994,121.67909968106369
67689637,2,1,10,54.86411093842548,0.3010714879697307,143.0167157710574,146.6338530132932
67886042,2,2,9,47.739806637156754,0.03468612329163657,99.50724206199375,77.81173778892888
67961779,2,3,11,41.566124838312774,0.199174507628291,154.4627533579029,152.30682006539772
67920734,2,7,15,38.75426470026112,0.031852764863307535,152.9573431042579,164.62584325255742
67982857,2,1,10,46.5040608024583,0.05752698470606888,142.48086121870256,122.98993070255558
68063736,2,8,16,80.2393965780772,0.203602687493464,107.64055700174991,83.4098268703137
68096868,2,7,15,53.42396968428194,0.20155267433463403,145.37764062330248,115.82089244751154
68125133,2,8,15,51.761378210449735,0.16995108529860942,129.68230359488706,101.97025383368765
68148413,2,1,9,40.346792542610906,0.006072874918125008,135.1854079421862,164.71337417846155
68194139,2,7,15,60.654432304414,0.14226771167648128,145.26217422042293,164.94490444205644
68186462,2,2,11,50.62022727072038,0.06643956465624555,140.0737794583919,119.60792624281304
68266458,2,2,10,41.73799073207515,0.009826643916237452,153.75912825843392,161.3421838699175
68261531,2,9,13,14.012339345823904,0.7466831840473019,67.53462877231908,84.02404856352769
68269168,2,7,15,47.65609758147647,0.17452588262760216,160.3991291522018,156.07390904212087
68235912,2,2,10,43.9841208363528,0.06894670835663927,155.11410632606132,117.88582825550158
68335560,2,3,11,39.99482459990836,0.15860359730640441,117.63089012117126,90.30963437777635
68363876,2,7,15,40.8007273705394,0.11142436814980049,164.6491531858114,125.88705538022428
68328645,2,8,16,41.010590837510385,0.18795665433860198,148.62309139418238,113.73969803725802
68350455,2,8,16,46.57779732477296,0.13287752111749845,164.75056981720772,128.74791543549932
68302521,2,1,2,47.79299568547219,0.6447473716969964,37.80633025416672,34.33953294287672
68323749,2,1,9,44.021734153589655,0.19293249996519324,166.84942854871008,147.13141705282763
68398315,2,8,16,43.933062708180636,0.14531329704612733,155.96762133012695,159.9096943444875
68443502,2,2,9,38.21405714253462,0.029478110788383197,140.39083709179081,129.8648431234757
68407390,2,3,10,40.91965593487053,0.026248225449046564,123.53980203679383,95.92549984210767
68470124,2,8,16,50.304231460707385,0.14661929832093407,158.97791128524682,149.72045840938165
68445629,2,3,10,53.98529748980538,0.26689776997203896,137.48933065200714,122.2323077395508
68470196,2,4,10,28.187552440797162,0.6937192302080921,107.89274116984066,131.01661535839875
68490461,2,8,16,38.37686509716953,0.07574664615522116,157.680447243021,119.38810576107738
68563023,2,14,16,42.089394285047135,0.4037006979951636,20.784010891802946,25.183079916982262
68569538,2,1,8,37.0679884424869,0.03996606389965475,146.251744628624,132.67676123441552
68645094,2,1,9,44.083586551433115,0.0962104386909838,137.88712570796378,104.95666053895273
68755498,2,8,15,30.05198822498901,0.8015986323751838,127.82830690763927,97.83523702418863
68760311,2,8,16,41.48164038248056,0.04785754333496223,142.96583409828165,161.98219368250057
68877977,2,1,10,37.72918930761841,0.02841442251984157,124.44777696806456,97.54948725668042
68882173,2,1,10,38.892713847178015,0.03325531777103592,146.72465956211983,128.24845589967006
68912056,2,7,16,65.43337036962757,0.2548051648278553,153.16384970055756,135.87258511849183
68906885,2,7,15,47.77406939648466,0.24279372419099546,140.69114913652083,176.05700044204593
69022492,2,2,10,37.74895722751745,0.07741143702636007,146.02608220393986,110.36195985852993
69029429,2,3,11,39.148329700446624,0.09583543808291023,157.20628439617929,141.53753809442273
69117723,2,8,16,37.99664416883246,0.0936743410903696,164.85573712068074,138.25140856225312
69136289,2,2,3,26.080881431200808,0.7557404833029687,43.80686060958871,39.94430466678017
69257995,2,1,8,37.20257865943496,0.09282540834771852,143.01340559064616,130.25635509054516
69228225,2,2,3,39.908536693617506,0.010045273477132586,29.572735261582885,28.740929564070836
69231034,2,15,16,35.63507984391703,0.5801590146535467,45.764658549348646,41.603609142973355
69280438,2,2,10,42.31239818704947,0.05019484031118744,163.7550294499836,132.46787794597498
69217150,2,1,8,47.144610480939505,0.09755184118352121,127.30866008496925,140.75987129176994
69335832,2,9,16,36.40313586794906,0.05947566459359221,150.0961606726278,120.81022927425182
69317786,2,7,14,63.11650195358521,0.11787350902813024,143.90604769197037,128.41723662206576
69305874,2,1,9,67.62048977973153,0.3417941697397417,166.4764238561592,150.02273101440855
69394056,2,4,13,10.097269759423579,0.2523845152160307,158.48161579303863,124.41519561041598
69474830,2,8,15,37.604692894578676,0.07801426150883058,131.35855659542742,103.29923616759267
69450936,2,1,16,39.483390840649605,0.01857045229828291,23.999544259052275,22.652990642377674
69550344,2,7,15,40.61617938976329,0.11540979557282513,145.79603415184167,163.49904472451053
69568567,2,1,9,36.02109165860968,0.02870521786237972,167.2043408583868,144.42558209561705
69694507,2,7,15,37.67618639225981,0.0012409052204703176,168.0141092264812,135.4801254715866
69699401,2,2,10,43.33424584287292,0.2737703716463612,165.76947915968063,143.57261364689657
69726289,2,3,11,35.84065169214652,0.024970918102136502,140.68581802121267,107.3284451637215
69731205,2,2,9,36.25524534213427,0.0127169140036297,122.86961934903013,95.19161070374865
69825730,2,9,15,25.35535775156799,0.6018383810408231,120.95201776453564,102.23455805535521
69817280,2,2,9,38.196687003981665,0.05745549652442338,137.75507751707002,131.04066057686865
69921732,2,8,16,41.668687265551455,0.008494510144631482,121.18843296681624,151.67836643429672
69986951,2,1,8,44.79635939658286,0.18301402971683806,150.4379656515622,137.74166574097842
70019562,2,8,16,40.73911386597699,0.03411691446282598,143.70485668697054,166.55319200053668
70008180,2,7,15,40.06177515932517,0.07172377674059922,125.33342192298122,165.55339154479722
70090943,2,1,10,52.83799697110688,0.09713668141252595,145.2740021919751,144.0743439225409
70099388,2,2,10,63.65988920552688,0.34193050178215434,164.41852224565616,134.3445147323038
70137789,2,2,10,64.15176611597795,0.10923297665383208,145.78384318489606,169.9084117833328
70108911,2,2,8,39.85622975559249,0.45526024471040116,129.35330837024,115.11436316101874
70114460,2,8,15,46.1704552761865,0.063439285059739,130.90034214365534,149.8938659295649
70143720,2,2,9,41.59748726725385,0.016161015278707145,117.65426107723573,143.5839557760635
70232044,2,1,9,41.11936400352793,0.07418414834903062,172.2885451073764,144.87918822471354
70300857,2,2,9,41.622548267288536,0.11824338556194858,147.89033021789805,130.62559015593354
70469845,2,8,16,39.92741962137371,0.08050251777192961,167.66873785275723,149.25763454767744
70512692,2,1,9,40.91884182561983,0.040359402097100525,153.62785214322392,155.30731848320062
70607943,2,3,12,44.638200181775204,0.15511610202904805,136.430547409001,113.90172476136202
70648716,2,9,15,37.117256044036125,0.4467346583253725,93.17660735798582,113.5742260430111
70731463,2,2,9,56.869826384510276,0.28496680109061717,126.9606949684816,135.58465021970463
70736733,2,7,16,42.17458488061852,0.18460390357136564,138.32089207233983,108.21357198266374
70768546,2,7,15,38.55454489505557,0.047840460289357685,147.95653923546675,169.19616329756315
70742697,2,1,10,45.21300039755434,0.02686045316031621,135.83976272079775,134.8466812261445
70780937,2,1,9,39.74456089260437,0.013240791103480353,171.73303437015116,132.24971095658557
70961002,2,3,11,42.331768744615154,0.1556599516086088,176.85239775092376,137.9587332613486
70908446,2,1,9,44.24314434286679,0.15251077827947437,158.15493189599061,124.15114553904118
70948604,2,2,9,37.24342817576955,0.007008624789114982,146.1180631121004,133.60229233776053
70919984,2,1,9,40.852492754986024,0.00042091461706873106,162.45543691482104,124.22958650313393
70990408,2,1,10,52.279750935828176,0.6453911423212639,81.2930704263589,65.12187866132369
71036864,2,2,10,36.624439530203446,0.03451901946687151,171.64344170038004,145.69864268604536
71046656,2,2,11,36.8154207485476,0.3982999241709971,150.7555538385634,150.93557712435336
71073720,2,1,10,66.0406276445228,0.3427683688854639,133.67739812201089,132.11895323082575
71094197,2,3,6,47.566370167963235,0.8796896854879126,67.57170847311757,64.29577619342355
71154789,2,1,9,38.94408682756001,0.053395843407398766,171.1954761659933,146.83532842160594
71133475,2,3,11,41.83216268665539,0.1413545463330926,143.83320619958496,160.93904125794342
71254479,2,7,14,60.43549903989255,0.20388670600379558,147.55350605577283,120.6800137611845
71210598,2,8,16,46.98499066650274,0.06272924194274107,143.87321327653729,172.61849608299755
71354439,2,3,12,42.173129609566885,0.06427834849965552,143.29085876453635,114.82695701078087
71311997,2,8,15,46.80518137658922,0.09655272416751408,123.22249497350508,97.58459338663499
71302536,2,2,9,42.20262419477821,0.05233327488025004,133.52253602508156,134.31999318538257
71366983,2,1,10,44.42943682640923,0.16333772669229263,134.87052248763516,108.48698226099864
71374485,2,2,10,37.46471507314659,0.01187126020600672,133.40682649332584,101.35338935955774
71439938,2,4,11,53.603014806371455,0.14778984182090685,145.78284928006494,140.35097775726013
71456581,2,1,9,51.650039810665675,0.20491850196289157,161.03333621601436,132.40404834280486
71415145,2,3,9,24.19463416594262,0.8692622606191065,82.53762120703199,105.62432135747197
71533048,2,4,11,44.1207483791264,0.04581906754816412,98.0349734584921,128.56774940098543
71548853,2,1,10,43.76286712129801,0.016003217688104,136.66247736180202,112.37063241072707
71635296,2,7,15,36.666113661075016,0.026888299502872557,150.37217233466723,115.07661216461656
71672268,2,3,12,63.49077836062825,0.25550131248645935,128.35609603325912,99.83495844854274
71608808,2,8,16,45.676499818840014,0.12992704311335102,161.56817449185414,123.4710238702605
71678728,2,2,9,54.314968226683945,0.2078057998155981,138.97587632443003,107.70659981013586
71683266,2,6,15,39.814936444663054,0.0024945613571755345,121.75744098207024,94.52568968869465
71723661,2,8,16,41.69973458083632,0.18352080129902276,170.12120424022865,146.38265156151334
71730210,2,1,9,37.20053037185352,0.10524235979096838,153.56399607584362,161.0342644467325
71725134,2,2,10,45.926211291284105,0.11543402422530075,173.8646362561267,142.80642059546764
71831545,2,1,8,56.949121134903194,0.31730345100594326,122.40926432575048,94.77672043891872
71838405,2,1,9,36.44656776049939,0.012955880527072786,143.18895233981053,155.2340159680381
71884455,2,1,9,56.220094844487804,0.14262514630040526,124.19132651757842,96.13311611340266
72050579,2,1,9,46.09590807452483,0.14780982995744224,178.10543711214098,137.80871292188382
72049048,2,1,10,40.52472612434647,0.025891514441844826,141.03320128299626,136.26080958658204
72104647,2,2,9,35.644524441201156,0.002342744958234349,149.05525402127526,130.78046052747519
72107479,2,2,9,117.84363083704517,0.30741085820279507,121.36891853703203,94.94751280292472
72123231,2,4,11,37.448231790078694,0.08452167154047814,135.6393362708784,137.48501751475604
72152738,2,2,9,45.87078982307336,0.07889670136985392,138.5156411587524,113.05165685389814
72168427,2,7,16,71.61032543515134,0.2065757965484267,139.47317549669282,131.27726948593477
72179639,2,7,15,41.04343693080415,0.10994332105643716,166.06183331822007,131.05180464718816
72349790,2,1,9,52.745688165374204,0.19432311395166255,152.41178677274738,162.83335423640733
72378841,2,1,9,43.95348939244134,0.2061210070190386,142.82191157014068,108.12347748171905
72444308,2,8,16,51.00683373024344,0.2255834564628655,158.0120055794821,122.95794914717278
72432843,2,1,9,40.92008904950071,0.012026397301311912,164.46822854109456,145.23013769663964
72475988,2,3,11,41.68399203709859,0.010413731775091695,145.33820507085554,164.26731155173525
72406105,2,10,16,56.86490293212397,0.22494690079917387,127.44802600958873,120.4569131657547
72413296,2,1,10,23.238088915342452,0.896181064136667,97.28258886780925,76.32511511591524
72467003,2,3,11,45.43713415868031,0.058547877901084254,130.5864272266972,99.32072560728325
72493301,2,1,8,43.32808614407652,0.0652117425532562,122.82419662875265,95.76809800486225
72509028,2,1,16,24.220680228162,0.5558881472024555,38.71488668210105,38.491786005504
72572225,2,1,9,35.980148681623646,0.20286285275367286,137.68596128195935,170.8251475814408
72502671,2,8,16,47.48953916417876,0.12749332325076593,159.26076770981982,157.90628068749294
72578689,2,3,11,51.48762028601641,0.18718955723232655,123.76681742810494,94.53690888565671
72573031,2,1,9,38.19060082008468,0.056928294685640424,164.08215607594005,130.31900417958727
72518033,2,7,16,36.87380449612944,0.08287462912035834,139.64523532094688,137.471712101746
72585308,2,2,10,39.60261230843372,0.08853268923416403,146.59931945520603,164.64129365384886
72638205,2,2,11,49.32825979871567,0.15283862982283203,146.28418014307562,122.49338741833263
72611827,2,3,11,37.518812767781185,0.11280962183055808,145.10124575848056,170.2570287370602
72619159,2,7,15,38.87305521731485,0.026516054243365023,163.82165246410693,144.2025400301853
72680074,2,1,16,27.864749554244554,0.28109039154730125,41.939112594931245,40.66333794141425
72769076,2,3,4,47.1334226533598,0.08563971638754883,28.299278101812266,32.472017586991
72731227,2,3,11,25.180126193724984,0.6902483030508801,146.20676056199963,160.11061645501687
72827536,2,7,15,36.55846698602015,0.027171548457889185,149.58615228747885,167.4678757058285
72826059,2,1,9,51.52587198782902,0.18359373920064584,158.88214737952995,120.98760271512168
72830956,2,8,15,40.64809668556613,0.0717214637807563,134.97080491754198,106.0519403484857
72882273,2,1,9,54.96218285807521,0.30421383816935704,152.15765037178664,114.9031856092265
72916675,2,8,16,45.58787082964274,0.19721309875718038,149.27290993527058,112.96720944895769
72978939,2,1,9,27.110279267701365,0.49194729845577323,169.20064645748124,130.01724904216726
73002058,2,1,9,43.71991180228216,0.033102062867901474,157.4364745524461,156.80119255814137
73008589,2,2,10,35.224496972419814,0.009139373440388338,171.45445897884034,140.7375648034398
73045723,2,8,16,39.39627742538295,0.05418547764130596,169.78281709661184,131.16972748123612
73206307,2,8,16,39.81308372433815,0.15430881901539753,116.48585772408012,154.27219482720935
73314345,2,1,8,49.59240312729938,0.17681387226964781,141.45535842230262,113.40485687515957
73322668,2,8,16,63.235366550746555,0.14599847825000584,156.3850252070515,157.42764028136594
73346865,2,3,4,44.970699664024266,0.8412840936451538,9.923792737573239,7.551086684568663
73416891,2,7,15,37.826572106442455,0.03789498548585716,174.71848044588654,136.627921256117
73406131,2,8,16,48.06277306961891,0.20770065928362164,136.4185636650539,166.61769750277352
73578354,2,3,11,50.780815959719774,0.0005903797988910862,178.56988764619587,137.8728339732121
73552115,2,7,15,41.72532036441559,0.08961936356698982,166.41544410048766,144.6516017163167
73518896,2,2,10,39.51724713769346,0.059131823445068045,167.74778374411702,127.59965614676081
73585115,2,1,9,36.301505400351296,0.026107864126957817,173.73492661428344,143.59115158376906
73589880,2,7,14,39.3650808344168,0.00038704828167295625,137.17517101250579,132.33438002354904
73663756,2,7,15,41.79513839776237,0.01389541432780417,136.47455251117697,172.93604314832075
73690270,2,8,15,39.20164309501204,0.06304930053617837,126.9988998224412,99.47358273203815
73732471,2,2,10,40.97223942246802,0.07230170869601298,159.55166966963094,121.56799594318329
73701045,2,2,9,40.84605497371409,0.0849188734632165,137.33169794975035,113.05721077850585
73761193,2,2,10,39.31241160614065,0.07695654324093468,140.4078685211332,106.43273434140126
73847706,2,7,16,71.84333746142325,0.14280506156200712,109.4740987665827,135.5631150061861
73825524,2,1,8,26.17094378017435,0.44844919145208534,111.67654263031896,86.8804828294061
73854898,2,1,8,40.03740338466239,0.1460612329760007,139.1233498281877,142.18977744201757
73952967,2,7,15,47.66328366128391,0.23370238633749038,114.74078230361262,88.37785195559901
73915851,2,1,8,48.25607530189191,0.17489603930381456,132.02429455578942,104.10898221500476
74026669,2,8,16,47.306075668785724,0.03827410108663953,174.07058319331807,135.13429643562668
74142503,2,7,15,37.9166266568965,0.12676037332217638,164.25717428369538,125.56055019175326
74233558,2,7,15,49.51437186451453,0.16253490890146485,160.8202540003723,163.0183696701024
74266384,2,1,9,48.94565056388295,0.11560592538118668,172.88720946978395,136.0324594505074
74273203,2,9,16,38.81347307576854,0.864419446177072,154.2274695439066,125.1551388247499
74319807,2,1,10,34.43043309892596,0.008274698727548666,132.3682957003585,104.80555775822519
74454976,2,8,16,35.758071532248266,0.03363669329588113,174.65640117161678,138.10207641421826
74466459,2,1,9,42.5204210007647,0.08357556943092717,149.96940577719653,113.62446543494498
74418819,2,9,16,38.3724207272042,0.12633912683755305,128.18150519481645,140.58733192547402
74429137,2,9,16,36.83101665066025,0.03395470534982435,142.80663727399482,124.7716624927456
74570218,2,3,10,41.44849352629801,0.05418826464564405,133.87378820373394,137.01848881492526
74542214,2,1,9,43.41820706448499,0.04468934111258479,159.96292798469815,136.36933779479017
74523306,2,1,10,30.184389177497362,0.8638167071435081,115.35177424846128,148.89317855240137
74582405,2,1,9,36.53991427775286,0.04850101760828104,137.58709209787585,168.92569165388312
74599849,2,2,10,41.43885424164293,0.06998549321084732,170.00927966361309,136.03659977174584
74599906,2,3,4,47.243956361400585,0.5128806389538176,25.762575478086887,21.70193355333369
74735567,2,8,16,47.81597907496606,0.11930711622383898,153.7190940747567,118.35395927484225
74720780,2,3,10,66.11365252381931,0.36154032521331003,150.71028800187526,143.8163325114045
74798942,2,1,9,53.38442565838116,0.30149043720811897,107.3044315526764,141.86457422249373
74846947,2,7,15,37.49139995588135,0.09027905718084062,149.98371882689224,113.28876280901052
74965914,2,8,16,37.1738528662354,0.036149342363834845,151.60131538632498,147.69896262822158
74975889,2,1,9,29.07488402348062,0.4590174178838165,144.085548605539,110.06906279882061
74900319,2,8,16,38.885925708470296,0.008529717923643886,163.9288233859321,127.21194618435158
74942049,2,2,10,38.29933650386367,0.1458822986491879,146.99900096467348,111.50572566439234
75060651,2,8,16,37.80034656433991,0.05194344313046588,164.42112221596656,130.94879799054868
75055346,2,1,9,42.96653836120599,0.01673765853611935,140.03763444663355,177.15673807417846
75090730,2,8,16,37.267072263873914,0.021571979785174656,143.05892374242922,108.3278356663753
75082632,2,3,11,41.87776899379898,0.02548890715065941,150.38945779531375,164.83715623868946
75188735,2,3,11,39.99367720331106,0.05320351926378673,131.28118654911543,170.35324232460027
75238622,2,8,16,92.11196183191592,0.4405344102915804,124.14494519873514,161.68346708223254
75216698,2,8,16,39.79926659694549,0.1301589619044295,156.84252317633818,149.96796554096338
75223440,2,9,16,41.59535842475198,0.08541563918305013,119.49670632694328,93.0377545683745
75299207,2,2,11,35.325885097350124,0.013500132055525681,138.39574153160066,122.48697026263467
75358544,2,1,8,41.004200321168625,0.026355004929057048,150.36113172200166,128.86419058939305
75329925,2,3,12,54.872869531488284,0.16017347317678793,141.1005740901063,119.57911533896548
75393803,2,1,6,29.17650111962494,0.29118591979788283,114.68946867662123,124.58032804750935
75388249,2,2,10,40.670205238813665,0.00012074227906767972,177.58124997351655,139.04543329660967
75458760,2,1,16,28.201635633763274,0.7346721183062496,23.134202543599894,28.356814977401253
75439060,2,2,9,73.52559806474555,0.47047438016061605,143.42462610821957,119.82825891642344
75522326,2,2,10,50.519528172551134,0.1743640076732719,145.66917459968406,110.15004165067451
75567802,2,3,12,38.32026073198918,0.07507808847563391,134.79035617408724,107.7945488921966
75610082,2,9,16,51.56194586160945,0.11024032693418444,94.3465306721232,121.82271379087005
75712610,2,2,10,41.79019561920099,0.09437977021688386,154.31265280972704,161.9825275045532
75727329,2,14,15,27.87502725522647,0.6912294110499873,104.31879102694485,102.90448115192868
75700610,2,1,8,39.2052191732808,0.014545796475495563,147.58838198747674,129.84725892016328
75716107,2,2,10,37.273255561536686,0.007832039708678575,148.8636805156253,166.64201131373594
75742514,2,2,10,39.70667552412357,0.004937349069687709,139.0437428975332,177.53670031078605
75723775,2,7,15,35.962233220240336,0.0016276531544963915,151.679672148855,115.16712643009042
75785273,2,2,10,47.104026307754786,0.22508240160495124,147.58078055701304,163.0361289838752
75798118,2,8,15,42.24936182923618,0.08209791195835764,139.45082155489166,124.04849579696263
75841198,2,9,16,48.60115762158143,0.13990117342411398,142.79836174414322,132.86477653191028
75915368,2,6,15,38.70574569901332,0.11278500953450936,113.24165218473571,142.47334724454666
75923722,2,8,16,37.023929620315656,0.06761398168190362,153.73328755164567,116.68976199576026
76062143,2,2,10,40.3528998993616,0.004697919195048272,146.49017825070203,111.04539982443508
76086004,2,1,9,39.62032939433682,0.0029614806691000595,152.3095292036196,158.50709465344713
76118649,2,2,10,40.17396751215395,0.08400659005566537,89.77042585371555,71.26130819785587
76114289,2,2,10,37.8785699286637,0.0050015210710770315,148.11400910045012,167.43606398244012
76119401,2,1,9,46.861389781433985,0.02041159743950269,129.3251891860651,169.67884450945323
76277527,2,1,9,41.63636999231234,0.057482249640720504,157.60419335043957,119.3222326955339
76244371,2,2,10,48.805322557041954,0.038216443575678306,131.73050214607744,100.13129596760986
76237878,2,7,16,53.09875600540262,0.07276483634287405,119.90562560949081,92.93237507087055
76352923,2,9,16,39.63692763310431,0.017605447314287592,134.06589465210246,103.58684859733175
76366230,2,1,9,43.342112535496284,0.03160173791867018,141.08255922463505,169.24045792145424
76469887,2,7,15,40.169785596878285,0.03914225131695239,161.25128145381302,129.90835605839467
76421392,2,1,9,41.81677113148626,0.058183129118768724,155.53277252264542,160.72240494044414
76495138,2,8,16,51.738771369621475,0.19330080918530534,162.4160915523544,131.21875550097502
76588205,2,8,9,36.348965461216764,0.7498003239695047,22.441761372841206,17.841472238358698
76765463,2,2,9,37.75898065857051,0.054102732913706646,143.07247722424384,112.11440401452836
76704974,2,1,9,36.850194198252765,0.006244157420884668,162.23533299282013,136.59693840238486
76795015,2,8,16,58.032136930724946,0.3035631861501804,136.76925664816892,103.71708304070968
76827998,2,2,11,73.24161565499713,0.053581237016580914,100.68600630616525,78.80138245743998
76825319,2,3,10,40.31514570341355,0.0585451465891637,140.70713262512803,131.82234710406507
76957279,2,9,16,87.77027966047689,0.193869331798465,146.7737803286382,167.08944415501335
76978583,2,8,15,34.12698593110211,0.7746881647354719,150.6367925199362,126.47825151697577
76941753,2,8,16,43.463545883716094,0.021405037298396386,157.16457799990192,119.9589495178079
76982379,2,3,9,26.36825871355782,0.7602344816556725,112.09475797916076,114.96877899900716
77013433,2,2,9,58.881647238331,0.24168578696458848,132.2340493956401,104.41049710090296
77069215,2,2,10,44.60714027491383,0.17644812468753637,167.9043379687889,141.93743540133454
77227403,2,8,15,49.79826680206013,0.19807469906278363,139.96379826569614,140.889565665379
77230677,2,2,11,40.392202100298526,0.03195670444666549,136.1051126696473,107.41581775394876
77245665,2,9,16,35.89698490300492,0.06522835909264174,129.47584633488856,103.01220146322648
77336262,2,2,9,54.48433545203793,0.46588461199871856,148.25592735192106,139.23172700316803
77355479,2,1,9,42.78330178331623,0.12074750502787585,164.15389639006872,137.7615425640363
77302668,2,2,10,40.176181237011846,0.09275442029566848,160.06792461303166,121.046180313972
77351079,2,2,9,38.69003455788436,0.018509707886564957,142.07380992945795,124.71048067193833
77446360,2,7,14,42.493680139909486,0.12492789850559723,153.1987338833409,133.5774237201915
77521045,2,3,11,37.88565062306068,0.05203778998910663,159.90381576508653,121.39939944976715
77564269,2,1,9,35.42297187774578,0.009999736272590681,158.27683620419356,156.3223839526837
77666406,2,2,10,45.98314035021673,0.022782691639659874,132.9432532411863,101.46587230937142
77757924,2,8,16,39.64414689654075,0.13500175101489365,147.8637512315268,112.04623113632816
77725022,2,1,9,35.66453884275028,0.007187025931690787,135.16878182263162,174.53567452840304
77739295,2,1,8,40.37176425865404,0.01995570386810713,140.38283621981896,119.9447037044373
77832220,2,7,16,46.13047489733194,0.020826354313494496,119.3614573693959,92.5501519181818
77893888,2,2,10,90.46812296972293,0.12352092496437828,153.4617294322041,156.15355856849703
77910714,2,7,15,41.80656430782632,0.10656241621069855,126.72576670918242,160.09096294124527
78038711,2,1,9,38.975073992465,0.023030001197961395,167.32257677079753,127.59302400923328
78055902,2,7,14,46.072379891071215,0.03353771095314918,143.79413320754784,126.94511048303302
78056970,2,1,2,58.932167269578805,0.7850250806877194,21.790482410963094,19.579557106239278
78138993,2,3,10,40.97358662275176,0.08603686078885092,132.8040377665428,139.18461944682983
78277490,2,8,16,47.58702501747392,0.05615254648775965,143.05658201676744,156.99748619771944
78278198,2,15,16,21.828614550375367,0.7164152024829982,28.479398097405696,34.219165826388846
78200778,2,8,16,34.71920693112405,0.016495613640658456,126.4002240817901,96.31019994279859
78305996,2,1,9,39.53826099796444,0.026835435253183007,159.97380417740192,121.92223259394368
78368338,2,2,11,42.61488109472341,0.06114627316481639,123.58801384928853,142.7908393346091
78388199,2,2,10,60.96797567326303,0.19972928112264268,141.84070529635193,108.47696170227134
78462587,2,7,15,39.78226577826277,0.050524637532359036,146.88980675303563,158.63366135105028
78527329,2,3,11,36.75986384991684,0.0416466359333197,118.53797702746971,90.77054302300513
78526425,2,1,8,44.6828446033469,0.005227751995871219,143.58588526192653,116.19958738649049
78574867,2,2,10,47.62670915724401,0.07603301776805765,171.21604801976125,134.83185772174153
78619643,2,2,9,48.976801994678034,0.12831161573334515,145.07570577912637,116.33064559230904
78711202,2,3,11,42.78043250763534,0.10653584195574071,159.57141825062442,124.79099757487289
78720172,2,2,10,40.62071801333991,0.06898070211389212,168.8131921338597,129.8743287002718
78794577,2,1,9,57.553130424603,0.20652945048369267,142.93037804137123,164.20115494913622
78820983,2,3,11,35.846207015625254,0.02457591296522112,172.16391606278123,131.1235542357121
78851270,2,3,10,41.282364479666946,0.019109369483101952,114.30001988020938,140.76447965372793
78868071,2,5,6,32.546774863679055,0.732790338465049,8.277856969206933,6.883716245059028
78887008,2,8,16,36.147248782928585,0.04523513325324701,165.86783391565803,142.7603804028487
78962885,2,2,10,35.94554060859983,0.051595177732407814,163.78541306442762,133.39179729709173
78963672,2,3,11,38.46087475695349,0.07263212990659064,140.92936043119857,160.42249286747284
78988534,2,9,16,39.249840733475445,0.06154580926975892,134.27668422346653,109.69427031194066
78981658,2,1,9,39.72806751302839,0.11126740906931266,147.22848597003917,111.30085764821659
79101331,2,1,9,38.54957215064144,0.06660159476191434,167.852283289448,145.8429089018621
79169460,2,14,16,48.756366140224614,0.12805511781514886,51.83769926893273,38.36578821039207
79106345,2,7,16,37.673551270224216,0.039211263780996285,131.97253446712523,101.20978479670113
79135149,2,1,9,47.55562545917773,0.00040057720433604824,133.63651790152844,173.6212856474962
79181396,2,3,11,29.229905443627157,0.28517517776530726,136.48595583819292,103.40764439234792
79268950,2,7,13,42.53648479775397,0.8960986473465995,130.23863267162835,101.56394145998935
79260233,2,2,9,55.5269282330878,0.1553520304939927,140.4335366011741,133.20157011570308
79300915,2,1,9,40.92714858142001,0.10625341637355899,158.61171934927506,126.05095531108907
79345012,2,8,16,39.707552069323015,0.04247310145235777,160.82171048829417,156.0805827334572
79391267,2,1,6,28.033075151080013,0.8792479850087257,95.19645258231772,74.51900664514913
79474766,2,1,16,34.84512435244796,0.2505243248020358,29.42162301953718,23.413383495098618
79525451,2,1,10,37.20552803192408,0.016181119073186277,140.45032608318402,114.3257813773886
79577352,2,7,15,40.73063589747869,0.04737336190411836,131.8185904068463,171.99852160946563
79672575,2,1,9,35.26457595432127,0.008380026825697115,169.3977168831133,143.3892639401658
79649159,2,8,16,38.78282821769518,0.028062612895248352,154.9173388265446,118.68909558307621
79650152,2,3,11,34.69787424618252,0.030292344635374918,174.8794590394112,141.8146388379829
79624781,2,1,8,44.42197595194231,0.21764499762755704,145.52267573553235,121.68341547710325
79763480,2,2,9,31.85119286117998,0.579628621787992,148.9219899507079,132.67930319642622
79863706,2,7,14,37.57457799681552,0.05737093741661492,135.00858980722296,110.41699546395155
79939218,2,2,11,60.867372458488916,0.30565676011673776,134.09497744238055,109.74069967560673
79926968,2,7,15,35.85587987763698,0.0038376494726005427,154.1827304532368,118.96773682966179
79974540,2,6,16,42.21348173918409,0.6345198621235473,110.73966686840626,135.53240954946756
79989419,2,2,10,84.75882411670477,0.25760300008948667,130.24087013329782,165.7847355664625
79990421,2,3,11,36.61281558653636,0.08549122338960219,149.76847502318424,165.09352440075676
80069864,2,8,16,44.80889864727109,0.011959127162690566,160.4606611637863,153.48925805684686
80077567,2,1,9,39.25264480071438,0.03405185855427425,163.18929927278197,132.78594581821716
80163572,2,1,9,41.41717577016283,0.11283254751453961,129.51364082116996,98.48562897996109
80205122,2,1,9,45.22807374633271,0.13125552364394813,158.895338509207,148.10635601866576
80319614,2,3,11,62.02075374687125,0.1233396843773505,130.31956921156,99.01196990482931
80386179,2,1,9,43.22309316564109,0.17963962348855855,148.43961787432735,167.90160386875291
80461417,2,2,11,64.24213850197002,0.41486147599357936,143.79165304742463,135.9441115879872
80487990,2,1,9,44.30221356548597,0.15643435615997664,171.1519450720916,145.338103875278
80560181,2,1,8,43.9026497771214,0.08983360862975272,141.46849532450813,112.88877517749238
80642880,2,1,8,35.707496131214,0.008258105963834281,129.7912504688516,100.52640936803438
80630102,2,2,9,51.27613932214253,0.2536529048720168,148.1511340673277,124.7516182246774
80708453,2,2,9,41.16242035727392,0.04704388116776245,144.41145552957158,132.43562882944897
80736826,2,3,11,66.90427467464144,0.2816674267701634,145.01858724283505,111.26630792709237
80755716,2,8,16,57.25139963775226,0.2283369316732522,162.81925179620572,123.47836400857236
80781554,2,8,16,37.57078543390785,0.002679128285204157,166.8366152390585,150.88244343399015
80792468,2,3,11,42.09848954241848,0.012919844150147516,166.45833685499002,141.29498564311854
80818633,2,1,8,46.35050205008611,0.20265929353434642,138.59940666720598,116.80555674168221
80839567,2,7,15,68.75317577346964,0.05832314272765435,142.93089827215115,109.18738249833076
80806606,2,2,10,76.92057669979465,0.0014816189612814434,136.97296704148667,103.79913311455478
80855281,2,8,16,55.93048311043465,0.2454804787597466,160.72628457177882,124.41591760522742
80968092,2,7,16,41.19872034313751,0.05940621719187886,136.33466099152818,144.86545196493407
81043726,2,9,16,47.98848793741571,0.008255353821718788,140.90633440544573,113.29520191509869
81156742,2,7,16,59.41248327538297,0.32243401900830937,133.26262255860073,108.56765565807245
81266825,2,2,7,80.02457029373156,0.22985862248555725,100.28893553213592,83.50309908059978
81205391,2,1,9,38.62922515502872,0.10093975313374158,170.22288943568816,143.07519511873258
81373278,2,2,10,39.257264358297405,0.06768270732288774,140.3209727706805,106.64939319008651
81352161,2,1,9,35.66644985515214,0.06474509193344488,157.02220066639467,119.72092186270872
81410476,2,3,12,55.37177617586799,0.2814771256614369,124.98131935002422,156.86396536295402
81466395,2,4,12,52.94383229598296,0.14981407198374283,162.30352436549734,125.5636673807025
81548331,2,2,10,38.09807310098172,0.05130867630330886,124.0561169373256,94.70568162975952
81621810,2,7,15,37.04448256756048,0.023966456794163735,155.80447560133024,153.7976113441219
81708895,2,8,16,24.189601119938683,0.9524909598399546,158.12355589363628,121.78528804709066
81799769,2,1,9,38.98043477039581,0.12081741178919678,143.54388512409324,167.37436956510817
81850355,2,9,16,48.285917558916736,0.2132809753296346,149.82475975899052,121.4163185730986
81993638,2,1,9,41.3200505502742,0.0615250548488338,161.43743437214,122.26399773303929
82039671,2,2,10,69.6937860869846,0.13174121254686355,143.39436091024058,108.58958486873398
82037710,2,3,11,36.269781025781,0.04212739152618955,169.86235719529648,140.2874729546705
82177391,2,2,10,38.90248268186852,0.10290285908976006,163.9749067105694,124.3039964069885
82233441,2,8,15,67.68143876590582,0.008674587795900529,141.43607063939353,136.91219849314788
82206226,2,8,16,39.84702607897597,0.040688760646255255,178.76040507191797,140.42562571084397
82294883,2,1,9,49.438518792959336,0.12168986852471589,140.4654091033656,106.65584359082561
82392112,2,4,11,42.20821486419611,0.003941728315424768,132.335882205109,107.89410249612425
82488068,2,8,16,39.662679955416905,0.05164690870124817,142.05561748264654,174.95106425530957
82515318,2,9,16,36.535463737073144,0.03619029161472352,121.26521962225056,140.95536030497374
82521204,2,3,12,61.87407172064448,0.21388113948400914,113.4082820456096,87.8261245016914
82596598,2,3,4,39.104938265328975,0.02875837057889442,23.394564834127856,19.24378826537623
82687597,2,7,16,41.579125003577865,0.06288665287305624,138.01269658905014,113.55852406556536
82705190,2,2,10,39.83042518613078,0.1026857297250444,153.36572941925436,149.0738507922253
82799832,2,1,10,80.71339201223992,0.05025554016244515,132.54810906370702,104.6842706041477
82876564,2,2,10,45.63922969606399,0.0018337761020825057,67.79632752522508,84.93318106552947
82817875,2,3,10,41.442119032900315,0.07205717563250325,115.54913203914897,142.57188966587495
82960302,2,8,16,38.763836035635094,0.09093695078178794,131.0295631858144,172.08262917708583
82988080,2,9,16,22.658547091278752,0.7524523972889412,155.10951552371142,124.91816659247758
83123969,2,2,9,46.861592210033166,0.10270513140530965,130.34720938971418,102.76078226779407
83173541,2,6,13,10.491280650459544,0.6014015359323421,139.2630657427403,109.59308221146713
83162263,2,6,15,39.999102524345275,0.0033035420973561297,128.10178506285925,140.47532398192138
83179418,2,2,10,72.41008911653341,0.15502349745422203,164.08218437667355,150.12926338835746
83242034,2,1,9,42.08998239877161,0.04064306129327803,122.59669897979153,93.65666410108301
83252476,2,6,15,44.665583638042435,0.17154104937797532,131.27522427873936,139.19533766108478
83318814,2,8,15,40.947380965976336,0.07982096426653434,130.03380576842187,137.10748251152455
83355501,2,2,10,40.30047140495277,0.11354446940535441,159.75697710356934,147.1256899590273
83436364,2,7,15,63.737549652667155,0.1318799581624449,141.4436338805568,107.13674372085816
83439990,2,7,15,36.23980544915443,0.031195974799153182,133.98660614841933,101.71819699189581
83439118,2,8,16,39.20315742155174,0.01866943369467817,157.73410011939575,121.0496227326576
83484491,2,7,15,37.304987763275975,0.041486151627893,173.1942249232896,132.90497076143922
83528277,2,7,15,31.88598340565254,0.5662532721999527,171.4517162481778,132.43637382458007
83591511,2,1,9,38.53193497479776,0.12693078097043686,168.58158511229044,129.81204153742502
83673506,2,7,15,52.476483335079436,0.08256320202969288,171.96708526143755,132.0941062942143
83639221,2,8,16,37.506887137974104,0.08781893239281549,127.36870559351836,97.80713963270247
83671039,2,8,16,89.45425448683713,0.006113385442023159,139.20596002098014,105.58678625140783
83883448,2,1,9,46.44098953521065,0.20566455931952532,159.91840664442617,121.98978070884102
83944862,2,2,10,51.235366525987075,0.0388279642619768,107.31501289959098,141.1690097253791
83907519,2,2,11,48.59530984647249,0.04562229328925359,146.5927793737691,122.12275472039114
84043257,2,2,9,39.023232147401146,0.032817602951916575,147.81504530978722,123.46603718280122
84035074,2,2,10,35.216590058889786,0.06146545171545817,126.38448937678923,96.9054089059087
84138692,2,3,11,39.016198232920644,0.03494463118407199,140.2178148851173,172.51087529729023
84115248,2,1,10,42.32079671246403,0.06875346986360192,143.36063433359547,118.40490268029768
84310625,2,2,10,38.117989934452744,0.058751172548203064,122.00016260276877,93.25495289422972
84432407,2,2,10,47.386200469616796,0.08383921585309624,175.74464367813457,141.20295972314875
84610426,2,2,10,38.986902468440434,0.14066929466014982,135.0093539584335,171.38151277853947
84609759,2,7,15,48.12042258637649,0.1997010011316308,168.17158065875927,150.66991048580226
84766325,2,7,14,51.54468102443769,0.1143238676906753,131.45148921407372,104.06516228886815
84762028,2,1,16,24.529274259584824,0.7444009968448888,15.041939589489836,11.968783344460173
84752243,2,8,16,39.63169922193646,0.1537444490746269,123.56244318426664,160.75312818595475
84702079,2,7,15,66.06520715166711,0.21822174096581584,133.0494895115456,101.41895120120951
84812380,2,3,12,49.536769388154624,0.05079153164921032,121.64948726853723,93.89632375160667
84973329,2,3,12,35.91107166291358,0.050261157720552195,141.18122329650495,117.94052877076948
84972143,2,1,9,43.18095042991669,0.13016773012206972,173.12402681836096,144.45394303097257
85026705,2,8,16,44.42164998161349,0.08037990727043837,120.37081622606381,157.13837210670283
85076971,2,2,10,44.96011565973906,0.15760804792622612,154.1252193944544,117.24261684992962
85073732,2,8,16,38.40996967953845,0.1197558631209356,152.7185491098306,163.40424093820621
85154117,2,7,15,35.63773915513126,0.06610483372597606,164.12391323475762,150.3602162470132
85109808,2,3,12,40.24392554152392,0.029645396808127625,141.61675949732305,112.89136324728614
85230760,2,3,11,46.484399076579486,0.23403374862796594,155.09924857646666,117.47094208323642
85230149,2,7,15,33.98851067835696,0.007888059230078903,165.9036821003915,131.70172223235878
85280008,2,7,15,38.08598206691992,0.10572091957760314,147.70438236518467,168.90157622940376
85219961,2,7,15,42.97207516917119,0.0031113071885341325,158.70729942012665,121.67480888446129
85293414,2,3,11,37.77598132299346,0.136555700536913,147.55939473075574,161.88654042969378
85307904,2,8,16,39.554860782382164,0.05490422722319793,167.7774670772191,146.6452290005667
85380810,2,2,9,38.62943581532733,0.07414082845764848,140.01243585790368,133.14278350617005
85452967,2,8,16,36.755120635781154,0.08877614741654924,152.8568733942728,162.74105998399418
85468974,2,9,16,47.43294903565045,0.08103496876104865,136.49269775031942,137.68774084998037
85559481,2,3,10,46.584222502395505,0.1545690338162458,121.81978519077394,94.04429447759192
85646083,2,2,10,44.5767762355088,0.09392396349742134,158.00565484592408,153.32492768269054
85676364,2,1,9,30.348109871169424,0.8869607389504955,169.9880949583612,130.26606140334155
85676613,2,1,9,43.826585627927415,0.08446488238749615,151.3812755794722,155.92168342315657
85672302,2,2,11,72.54601785334766,0.17487078447489968,150.75813302463803,131.72130914445938
85712464,2,3,12,51.93863594692458,0.098953714652422,124.87965885287056,151.1441264233133
85812839,2,1,9,53.45233261888998,0.08689988712051684,74.76169637109084,94.94176642558543
85968924,2,2,10,41.62324633206762,0.01518491380982904,160.02796529371855,121.30189092832549
85912361,2,1,16,26.485620733533075,0.8980699320129519,35.18196553453765,27.039914854967005
85984225,2,8,16,37.36277095311089,0.07196523224098153,163.18806663493044,129.40462383154306
85991142,2,7,15,48.14047248095326,0.2091845205825398,153.60096651780736,159.7454049009173
85981892,2,1,10,16.97716099284864,0.45282177971995474,146.1818468525227,130.13806737622414
86035002,2,3,10,58.450379417562814,0.354309579042417,150.76693528686093,143.6648397994014
86019156,2,3,11,41.77603036613965,0.027984733256189564,172.92789321982755,142.2993120752756
86073753,2,1,9,38.33915549208096,0.05495809656081366,155.29345278409778,158.42095679452595
86186454,2,7,15,38.845375221560765,0.07888393188343462,152.88756438685618,116.07577918494658
86250702,2,2,10,55.14153644636266,0.2620173834175625,151.87293651240952,161.38615528016786
86255760,2,8,15,38.90054851353965,0.06908040393285951,140.3957191611465,109.74261255922376
86531300,2,7,15,39.34357470436835,0.022465668784511873,164.24802644365812,124.43511973173122
86536709,2,2,9,45.64162094993563,0.10274900829066907,137.41802829889295,114.99366774229958
86557384,2,3,10,42.67899707545918,0.09039481231420189,130.3852434741101,103.12208119681594
86601918,2,8,15,50.9290148136688,0.14159453251681223,113.0489453544072,87.99040947664662
86657157,2,4,10,23.598902189194565,0.5299283034448947,120.70253014108762,114.20896576188132
86682154,2,3,10,45.671900720880004,0.2344277675742166,135.58671158667144,107.19430906580975
86685228,2,1,8,37.51631042104458,0.005541898384009987,144.08824042613028,142.4888657435206
86683230,2,2,9,39.064725463594755,0.06122097520614872,124.82361246420038,98.16955841104478
86730396,2,7,16,39.68812355595689,0.023449003857257133,134.6892339242882,145.06219162103733
86714183,2,2,9,43.97932025941025,0.12284060884027974,122.56828094417638,94.92690446831784
86710633,2,6,15,45.60343603468405,0.1120221852386296,149.3725130457049,137.3310660130306
86832704,2,8,16,49.90836954553629,0.13556523315860738,172.59677264009207,134.79026095935544
86825014,2,7,14,48.08979779635801,0.1787813346965171,124.65154583468407,96.10799819618573
86859384,2,7,15,67.10202829017892,0.364164972531699,146.76355813899562,110.87848047926032
86908902,2,1,9,36.91734745237544,0.02033199094888692,142.73643366312007,109.23604296244434
86944709,2,1,9,45.7106348825417,0.15412096314305565,171.0522811993401,129.61313693709212
86961903,2,2,10,41.7312991124854,0.1903923839439021,160.82041110696554,121.95277294189177
87021182,2,2,9,37.08223806431042,0.030292690433332176,140.19186756801963,116.59492672603652
87327222,2,1,9,37.74438697352059,0.0059597787130321,137.92055470789364,164.0129753206763
87304486,2,9,16,40.0445893402167,0.0771144813583959,131.65456583758026,150.3904574737284
87314224,2,2,10,37.6534845117484,0.08917530302522342,170.57370769205085,141.4691541174066
87471955,2,7,15,40.8865200046978,0.09368237451731758,154.66839727702285,117.31204111060889
87402758,2,1,9,37.25833330486844,0.06527331853794334,135.4491664711338,102.84311686480201
87444741,2,3,11,39.42501521872288,0.0354424044658235,151.8231055914235,159.19173165535867
87413533,2,3,10,37.28724428844263,0.06497017335427543,140.55283561152515,130.00131134614094
87500718,2,6,15,48.392993203220584,0.28677394795869743,132.96242154762862,108.21531382019326
87531409,2,1,8,49.08857822370419,0.15662848320781672,128.2579031436087,139.0314570837687
87530543,2,7,16,41.54093917615943,0.09123628179086618,139.8703179673318,135.50417049671603
87580806,2,3,10,39.790232315805596,0.12753350425807164,149.56806686218505,117.38852353792083
87587846,2,8,16,35.256107809829636,0.06658626945896216,129.08632071930904,98.17829594456252
87643112,2,2,10,47.80818246336929,0.25221982866747045,145.97720977140762,110.79234266224084
87612686,2,1,8,39.94914814500227,0.07801787135387192,141.67699778085404,111.4204466676142
87655233,2,1,8,44.07112458113596,0.14204376905924912,140.12093408130153,144.68280121493612
87768804,2,8,16,49.10284993898147,0.20738388772118485,147.59049472454117,167.21421181746706
87719837,2,7,15,38.13831742434339,0.044343576987973816,134.2760330046024,102.03103730514304
87816348,2,8,16,47.158970819278494,0.03921235195308978,155.99441441676686,119.17805152264754
87823294,2,1,9,43.17619048661237,0.15393164424897557,172.06109391508744,136.180464135103
88002832,2,7,15,39.5956135702659,0.013130132343496125,146.88429118423448,111.547236766741
88160942,2,8,16,43.06752623500472,0.10400597740180899,178.73583726762004,138.0172367851844
88123802,2,7,15,42.34883581914224,0.19159357307149427,141.55281411073514,108.00663615692149
88126084,2,2,10,62.69316245324724,0.2687448949849276,165.9559872176736,125.83176300108987
88175862,2,8,15,39.01900797251403,0.05024240571641858,150.19790411729758,135.02966247590757
88184370,2,2,10,42.53342960891367,0.014476801117561399,177.67185149318965,136.49163698803127
88210482,2,1,10,37.614457830449226,0.034654356389382746,124.17194047910924,96.60667598980308
88360167,2,1,8,36.46892678077484,0.02082639461515706,112.74931291668764,136.83977310446443
88392348,2,8,16,45.022803087993196,0.21791530428793696,123.8118668604249,94.54087559360396
88478347,2,3,11,43.76578344182238,0.10429834574796162,163.3737184715118,139.16650566313604
88468847,2,7,15,41.978918395569806,0.011664893073487712,165.83297369077158,135.61573996008502
88436364,2,2,9,48.49228961334761,0.27984531461524537,156.05332393949934,128.1323649608338
88430175,2,8,16,38.091967756298814,0.007189343715432249,167.2837240799876,133.57761160633072
88514371,2,1,10,35.74108960048764,0.027009912692226367,131.31074481697235,135.09783194565256
88537188,2,1,10,21.414317715471466,0.7349096473771726,105.39603053316026,81.93814378666795
88595416,2,8,16,40.45158139046629,0.04579814733188616,147.38395384670343,111.50377086055536
88627466,2,1,16,40.79752002602046,0.3913632790450508,31.65924882694608,23.91591986106351
88798034,2,7,15,35.06956996242634,0.021922905498310306,149.09948119350722,112.92041699736501
88827301,2,8,15,43.03249164548427,0.15365959659212491,144.20167325979705,125.42409806444705
88830333,2,7,16,37.03859172531356,0.026815630672682868,139.0952716219244,113.99464009545483
88960892,2,4,11,37.66118496445469,0.01693435251864902,132.28894123849392,143.66096614538293
88902760,2,3,11,37.58990134945138,0.009826316761967947,133.83890729480237,101.59453317130456
89049454,2,1,10,37.97722289322502,0.03018370879372647,142.0556856798074,118.27301556598562
89015808,2,7,15,36.0197803873932,0.0027719370533749108,161.3261212735968,152.63903231277203
89169405,2,3,11,41.3686826707512,0.10536023695636126,116.50411393114675,89.5831918219079
89191263,2,3,11,51.42748761160574,0.10245504183151137,148.67101096967988,160.9479276284997
89194101,2,7,15,52.59811561288401,0.044188217005601244,152.97958189736516,159.78396269953393
89247349,2,7,15,34.87910624448311,0.03343863418770854,128.75390454695608,98.28801970961264
89293986,2,2,10,46.324631382748976,0.2300689010866773,157.5783670000337,158.2415293551943
89350316,2,9,16,49.781400335316235,0.19230936192651155,129.3806435849248,142.99861950620488
89335852,2,2,10,26.067495435890194,0.6593233454497528,170.4668707050248,137.6420854470881
89394236,2,3,10,45.22695251210263,0.2036445165229745,127.15381236330782,99.52346646042362
89423971,2,1,16,31.433352030867823,0.16773502699750809,34.78783342864152,33.45252450527598
89482799,2,2,10,40.80463807491121,0.09603228934834322,129.40250920916674,165.34531442285416
89487541,2,7,15,45.399219567649055,0.12739027629927024,162.3652442904906,123.07697078075802
89546216,2,2,10,53.430062820321524,0.20474081560503798,153.13300896844513,172.64394222115837
89570056,2,2,9,51.45905080336454,0.03154945456990654,119.87400731513675,93.98553705313834
89655282,2,8,16,40.264393020784745,0.1005507030401141,140.13596211155436,106.28954754536724
89692978,2,2,10,41.39804457322238,0.0758994847974773,126.86533988273635,96.6566466032223
89718739,2,1,9,40.66602000578312,0.13021860256692117,131.82071548823376,100.64028221386899
89764162,2,9,16,46.057433551962745,0.09373197184801034,139.59167931161454,117.02324510079845
89774560,2,9,16,44.70871018117133,0.10826115661403217,149.78571829285463,131.17746473509308
89728817,2,7,15,42.66999614307386,0.04870172150266538,137.82198473503004,104.90598732148914
89851198,2,1,9,37.663336127212105,0.04311016689524977,155.52319717873553,157.02088719306383
89859921,2,8,16,41.61004475248298,0.16963475205376607,140.28290635321184,174.1188281968583
89831599,2,1,9,39.54201421228302,0.10033759711327539,150.22838249449785,163.25899204171327
89825001,2,1,9,40.69898277850065,0.04123063465833815,132.22546075986304,100.21268231257021
89822986,2,2,10,46.27156640634459,0.07495122971097216,159.04553126915832,121.827626634264
89859514,2,1,9,40.2698837804172,0.05819792462653618,171.21614446284912,143.33440318758755
89923352,2,1,9,52.8721608832535,0.16888064585558113,116.00964667334735,89.19389626358179
90001959,2,3,11,40.48028740586969,0.041372518113137045,170.89585361801028,145.16874058829043
90075836,2,1,8,46.53005522226647,0.15877922121559168,138.55465799458028,153.69346047152916
90032723,2,1,9,37.592351045995436,0.0017033806636737852,132.63162462722687,100.78479824774752
90040110,2,2,9,56.2757968712063,0.5211237380353385,143.4101604508845,123.2960227234395
90164962,2,9,16,22.35789681187598,0.7861540099287997,132.6102962183252,154.50805710802166
90118060,2,3,11,39.910454326148965,0.04998758483271497,162.0871924575246,124.12115033790812
90256288,2,7,16,38.90632498297991,0.07972355832027495,134.99977283536643,139.6279601806987
90236247,2,1,10,45.315808364260995,0.012969501611385492,138.98386957503277,114.48980718867696
90245749,2,8,16,38.50107713032435,0.030267974038621075,160.3247922556192,127.19108383050174
90354147,2,7,16,34.15450071665241,0.004436501865862268,126.52043218905575,99.12359802926728
90348912,2,1,9,36.367865417754714,0.06069530760849781,172.9523242342277,137.57672714528044
90403536,2,2,10,38.74372183983131,0.05431380958296353,165.87362885563024,128.7748938385088
90426131,2,9,16,43.51950534540275,0.1006688475772348,135.21806616646305,137.74633118961515
90532768,2,2,9,23.494314684575464,0.28988461652880587,81.1648664283644,104.16032399559673
90545891,2,4,6,77.44496280005613,0.7152545180158536,27.631781440111837,35.5073776151933
90587056,2,3,11,49.00963511771627,0.25732688484640454,171.970338824909,131.6364800884934
90616200,2,2,10,59.07542652669028,0.15982472515746418,159.16336247245306,152.97710585601627
90630995,2,1,9,49.29695059909497,0.01724965222424195,153.88934513850268,118.97428365789445
90723040,2,3,11,38.02649850869406,0.046626244994436565,139.3612694144411,174.03402657980376
90746090,2,12,15,19.37789780184403,0.9038711731028956,59.84480405636722,49.54240343947685
90728599,2,1,9,44.67616891827144,0.1359026171824783,145.1286223072898,155.80924620424406
90759544,2,1,9,47.62753937121824,0.09551656985649452,152.69142020688312,156.38553741979987
90753862,2,1,10,43.039567329692986,0.13273042645125455,125.22177189024893,96.84312091359867
90792923,2,2,10,41.21374937354328,0.06487011181013354,161.2818300853218,140.77388873632498
90938552,2,8,15,45.37034961025195,0.0265708132770736,140.06259442699832,115.75817944917713
90962699,2,2,11,50.71564964291036,0.13498097361959938,134.46958484203202,141.6955475132718
90982834,2,8,16,38.44559934735517,0.019391366936605047,174.15575560188395,137.96489085025826
91055845,2,7,16,11.918480885332352,0.6251691348950632,149.85306803484605,159.2326445237929
91010393,2,7,16,45.13422151047869,0.1063805044088712,121.38576045843715,94.9542199394949
91056102,2,7,15,44.98473723831793,0.15169521477315256,165.1625795396712,150.36922762324568
91011081,2,1,9,39.48363926736758,0.06504129399562224,148.4095228004562,163.87185212007776
91113900,2,1,9,39.4415090529573,0.1469552754667622,158.81026288861045,127.63553048852509
91237464,2,8,15,43.92606137730337,0.11892530069496764,138.06206790887683,130.36098305602906
91276627,2,7,15,41.53621032859722,0.017339414020752647,152.9911499186094,157.31916709230063
91414308,2,3,11,41.47215225255687,0.09974523141388983,160.35279962376137,156.16263083319305
91409413,2,3,10,37.35999131874402,0.025930326191085415,145.8915881771167,118.88336912439124
91458695,2,8,15,84.65587457934672,0.01410393141914748,137.6190740832085,158.061875296296
91498228,2,3,11,38.63075054697151,0.0658908239061513,151.15621628909892,117.00513710989183
91523697,2,8,16,105.77166427932265,0.3598946257782008,108.19673259684568,83.79491012889318
91551361,2,3,10,45.546020096542215,0.15646673699988198,124.68866870275173,152.27656651653172
91620241,2,1,8,34.161074518614946,0.014442292346041032,138.2513593301045,114.81197386792446
91634998,2,7,15,44.99747720886332,0.011155854019185356,147.38671511160925,158.94339998161723
91724379,2,1,9,36.093342080507725,0.03896650888183866,169.99507255165716,147.2238476960971
91746110,2,2,10,37.43584244387028,0.04562397564165909,123.01186416106735,94.01037172962117
91720287,2,2,10,36.53533798452354,0.0019640776480030772,155.60132420595338,118.86996626114082
91793433,2,2,10,40.13009115007223,0.03455072473660219,151.76933427459764,115.51733724630309
91866864,2,1,8,42.708488920172,0.024910920215764777,146.22599878924584,121.78566144079923
91874821,2,9,16,42.2724108063489,0.05407594819171844,141.3670673902076,133.1233172870708
91806605,2,6,15,26.51102687956411,0.6276571751900053,165.88344961849228,131.42306885807278
91929557,2,8,16,62.13897042383019,0.04835324140935593,95.90820772750723,125.26642214620452
91903247,2,7,14,35.83461163189105,0.04620848201736359,124.4862475310041,96.9732755044084
92106247,2,1,9,39.803383162031736,0.08888280364699314,164.51484645118555,127.52851945381317
92230183,2,2,10,45.11405065310636,0.0067887254226539455,148.45935325278555,165.62306483301083
92286370,2,3,11,47.675260910852984,4.812877119323697e-05,106.22032757523628,140.35721472602583
92283054,2,1,9,35.660048343906865,0.0008937070198859,172.50205963040008,144.53662850159935
92378621,2,7,16,41.119164018423504,0.13474467672846704,138.06246397339692,133.75615167168937
92341627,2,3,16,21.247211517033943,0.2242734481270084,65.4751297331823,76.49611154010952
92309409,2,2,9,64.72332991899755,0.26512694278216103,140.0897888223345,120.69039545335454
92387632,2,2,9,43.3565346401842,0.08130816431385439,136.37727624708828,136.56405043623886
92382813,2,3,11,40.06023585636736,0.06166016552867096,171.40200979657436,133.82151816070518
92452615,2,1,8,39.35845635406366,0.13779866013425726,131.1230398362831,102.16531163353842
92466701,2,2,11,42.0242088728303,0.033069836607932036,116.22268681538385,146.36070166611842
92470441,2,8,16,55.297615208915644,0.04922905787826248,149.41350560519868,113.00085339264763
92591397,2,8,16,64.59624978209683,0.05252532152193159,59.83765473492683,50.014285571433405
92607754,2,2,10,37.1281920132913,0.06364804146778696,127.57403716337457,158.35061227749097
92683126,2,1,10,35.887622423301394,0.0011879314517254883,133.18058324413218,136.827978743284
92752045,2,1,9,39.231422442475015,0.010717750406084909,170.23445601575852,139.5840167339217
92832267,2,3,11,57.217075702098285,0.1703347447399725,166.75848404250183,149.37792922485795
92849421,2,1,9,37.05441730594549,0.041783898130362346,171.6268735695233,130.6971315423659
92807573,2,8,16,83.45715133295222,0.8105413160421581,166.2564571817358,148.62872507376292
92820367,2,2,10,37.33006222670301,0.07388536180658989,169.80710009602146,145.57119492480146
92907535,2,2,10,34.17726393360327,0.026019287430293567,162.8483497224036,127.72980090932373
92937471,2,1,16,32.49261352884731,0.2222466014478526,20.179694482529474,26.356165401025585
92989524,2,2,10,41.986512289879414,0.1349918083634557,176.16205954321651,142.78912712805882
93072527,2,2,10,45.68516833244597,0.06415460778129242,168.7174170811601,131.03813501958703
93073174,2,1,9,48.091107745226054,0.14377366442494188,170.47443842049924,144.47327684451048
93048535,2,7,15,58.17741805920495,0.17026118544044463,152.72956273384028,159.86878348665047
93083402,2,7,15,35.001905507362935,0.002117068877197768,161.75171844652334,122.32858158509534
93144043,2,2,10,41.81431436994044,0.14503802375929098,149.0913040910216,112.65779007402547
93111543,2,3,11,39.03195101837643,0.1168787413666777,149.0141927918468,166.23390096217545
93123357,2,2,9,45.688757550654,0.12455422874350891,127.17910605283564,149.55169714022142
93167095,2,2,11,38.9234219571473,0.023791816620390836,133.19401387826233,104.1420398609198
93192102,2,2,10,43.22679416905057,0.20106632973352856,130.62692802618324,163.82231958162967
93262382,2,1,9,43.0017831449543,0.06781359391961288,171.01348697801282,132.46755905196076
93256941,2,2,10,37.33361917087369,0.014627681747158984,170.37312111877606,131.34332139845614
93392029,2,3,11,54.281308674578774,0.13082480202836816,113.96806547631513,148.78018139258995
93434522,2,1,9,37.80668236798134,0.025315515346540456,161.87634273583456,153.93767557166336
93450635,2,8,16,35.527119832059626,0.0011419386359938217,156.41587799935527,122.1344712092648
93458389,2,9,16,40.55434272557147,0.14957051082151782,113.77125163685491,88.74640098605697
93540714,2,1,10,36.351888877495114,0.004962532390637996,142.97288799044674,124.95444389262687
93546143,2,3,10,40.53700532676397,0.0844210386683344,130.19390874275854,101.00932881838918
93571389,2,2,9,48.446939530535374,0.023197004363292167,140.35230756600552,133.8436898632607
93583212,2,2,10,42.505615448633094,0.01557552829213149,161.11826986184406,155.02343704151124
93648598,2,2,9,41.35231065550732,0.08879962793087633,127.81506730057885,146.51679528701226
93650401,2,7,15,39.40023129869293,0.12282788296065013,136.66465103199212,104.16205460444459
93644392,2,1,10,39.24720059430144,0.033489757778072386,140.63251904749632,125.96483311964317
93687659,2,6,15,39.36935812209073,0.07969955358075186,130.3683458992446,103.71460742800858
93739472,2,2,10,65.12585580404713,0.4705988470447864,110.71502182976572,85.47194648689552
93865036,2,1,9,39.75824599793795,0.0013052874830485905,174.1486756146056,135.10028711937662
93892179,2,1,8,43.99824166284455,0.10837983493775559,138.81283995422285,141.70323555245582
93965584,2,8,14,34.475369732587296,0.18943559465198628,93.81369450523762,120.09915167442844
93990813,2,8,15,47.36401410520717,0.14450831575870174,137.81061669579438,133.46822984390462
94053386,2,7,15,38.766582464431124,0.039860490647760934,156.63153725983886,119.49762064768912
94095909,2,8,16,42.15274838590811,0.1279000488616384,155.6386802955674,118.66074084932384
94162724,2,8,16,44.28904912602646,0.023956651469235844,166.4552052298048,128.58802706402568
94164304,2,1,9,35.21616624081976,0.009918271680235768,173.6768494482546,142.89578862719443
94279027,2,2,10,39.227212983645984,0.05845874231968071,161.85656885807057,140.05481031148804
94291685,2,2,10,37.33503108455373,0.003665261672815436,149.87989019742324,113.36258349016015
94305681,2,2,9,35.92020390102513,0.011376254340467547,138.71685325746617,112.64031169402124
94338167,2,15,16,22.538654783697027,0.6964740543260998,14.16208321317094,13.229280727500445
94308591,2,2,11,44.030443084627905,0.056990941637285554,126.29261905914764,98.78853849495306
94438770,2,1,10,40.874546656865746,0.10730920918506058,118.65637123604087,143.58371669946288
94489158,2,3,12,37.605350745629494,0.0005150115945098071,133.12142002636,144.26800294256253
94503504,2,2,10,43.12123053297954,0.11808726738965859,130.36984297710376,99.09687411291681
94559770,2,9,16,38.61756978904576,0.11732721470814968,130.70313377828606,147.82570326364035
94559531,2,2,10,38.62466207771956,0.0959615575079557,129.4022371559148,170.31091135634708
94655126,2,10,16,20.920016014186004,0.6939704199285265,122.72359314688912,100.20867816952259
94622176,2,7,14,40.0876700842512,0.038061044572557025,133.27051610537043,110.82062433992628
94736437,2,1,8,35.69828198539466,0.0053564017350347885,143.1854326305239,113.43387180430744
94860143,2,4,11,45.511586857380024,0.057474234909154494,137.5592337343789,112.3004629776624
94884972,2,1,10,59.23714223067276,0.33394851850152796,152.83433499470874,124.40139974755706
94887786,2,15,16,46.66327105836962,0.027150409678833337,19.566549881849813,16.032870151198235
94920738,2,15,16,35.60085497213784,0.5467976880696538,26.193283553867488,33.12361952070592
94997251,2,8,16,39.326032827056565,0.04166420698377183,168.84442395647653,133.2217359362724
94993292,2,9,16,37.67389164458296,0.06738942147210512,130.77578928934025,105.40378138429752
95165645,2,2,10,38.046147428124996,0.05915144477249973,164.30724663886622,141.12836205801688
95205013,2,3,11,60.024252968920564,0.03637299526853216,98.36661040135277,128.5399672875108
95242398,2,8,16,35.26256771337781,0.006246619905785744,130.1095763398696,99.18721391095852
95220100,2,2,10,50.67698250838647,0.131166651188183,127.44708237466298,163.57442317570118
95313040,2,2,10,42.79008520976548,0.08977983041982113,160.38251885707425,154.3457720934447
95318992,2,8,15,52.375370018931534,0.524128655815118,128.99921160608594,99.93524377672232
95350412,2,2,10,38.07032752308092,0.12725330992028233,167.23924581636226,146.07089526358087
95394309,2,8,15,37.739985430106785,0.04956220665082347,111.07968048227113,136.46811838695552
95534218,2,9,16,39.98544658333613,0.09419345457529944,136.875480817218,117.35311225159924
95501355,2,7,15,36.80511204701325,0.018197243920672776,131.53146828355824,164.91357030848846
95632631,2,7,15,53.603727940908016,0.3112255115940561,171.38935238171197,145.27514338879138
95661619,2,7,15,41.06787773560583,0.08668034857718078,138.18357155273944,104.64865332616054
95690545,2,1,9,36.88306366400484,0.06626024010209075,170.11240753483474,131.2748529612661
95741646,2,8,15,37.87135236129072,0.031203526373249926,136.24732968252073,134.82387035583153
95750067,2,2,10,45.260260952984915,0.11334987426521245,169.8486839134114,138.65652370008797
95771661,2,9,16,38.355386090481105,0.007913176080255312,150.4928980472722,129.65425917561097
95797486,2,3,11,36.08765505987664,0.020224394648324387,155.09132464610866,117.84385830691735
95837992,2,1,9,37.99994683391003,0.0030759056098853123,173.46691265162514,143.18453356141455
95930313,2,2,11,53.92215333117569,0.22590885945227046,144.12590127502298,115.8956848038192
95907632,2,8,16,41.43054186293527,0.06169064559650679,145.4894106355645,110.04789682190682
95994637,2,9,16,44.77589901881447,0.07962655977946827,118.02281775849316,92.07696143441935
96090433,2,2,3,56.10992727750847,0.5077671264309256,91.51944407104311,74.19335446282861
96152228,2,3,11,50.35208873030854,0.22645908002967552,115.89837591674555,153.01534872478499
96155137,2,8,16,41.21796687090347,0.1580678519470249,169.78524765557415,128.8635719273299
96147517,2,1,8,38.599236536630414,0.049583558420372695,139.6584837520889,139.1791793229529
96183343,2,3,10,40.92516847999396,0.04907469990768233,148.82227403643506,120.39942178180654
96184996,2,2,7,25.723051417927415,0.850825003861907,82.53799308736734,65.9701350121037
96277000,2,4,11,38.22873941373538,0.021402053773929758,140.630233078366,125.38009233969997
96202673,2,1,8,39.25192805241658,0.060420487771428645,113.18924879409197,138.8048778596184
96278009,2,2,9,63.01454552532279,0.1878727936679971,137.51366117927716,141.89084334699393
96263976,2,2,10,35.98969306998661,0.019193422644210777,173.5878992040529,132.7815767915291
96468500,2,2,11,44.638246512920844,0.1458085711464651,140.67089652142738,149.79074230435378
96423206,2,3,11,44.15969719852856,0.12323729382559302,152.79981620260511,116.40831808158744
96541579,2,3,11,42.12734342438017,0.18046107333388162,147.26433731758937,167.14344369945027
96574974,2,8,16,45.01839204597953,0.14655351685100784,131.18733174540034,99.44363587873133
96611380,2,7,15,38.00284998450372,0.0034165630152637344,167.0128980568519,128.30206260910268
96679685,2,2,10,46.88170476560583,0.10047035064678643,144.56911338447483,170.06939061016433
96722064,2,2,9,40.916583640306094,0.018471444694949102,142.15087822962172,130.981186196045
96855389,2,2,9,39.51677585507177,0.02439495422239184,145.74902336927408,130.66106488406078
96885513,2,8,16,38.5432065434526,0.08351553454080576,152.18824094591912,156.54309071431186
96922783,2,1,9,34.86714200558686,0.04557922751293268,129.24300652000795,98.32676571150253
96975481,2,3,10,48.97839301194119,0.3138348986115228,146.06741594434123,135.55964887500215
96904862,2,1,9,36.863584413773566,0.016205705662140173,142.30299306726684,108.73680519309131
96943232,2,1,9,38.1724854915167,0.03230467554784454,154.61005780980133,148.02135219871474
96982868,2,3,11,42.72038828574893,0.5369856850994067,146.44261647296258,175.0420404334302
97061518,2,9,16,48.58437323774278,0.226458090021763,134.0584951386497,108.6797700936368
97081581,2,3,4,5.639165839200713,0.13336282976060154,10.667994442053564,8.919598119294061
97126696,2,3,11,41.86284532249872,0.016248876966853544,167.75763558912487,146.8275984220699
97153261,2,2,10,65.62600048029618,0.3517895057687074,115.78535016176617,151.81435173709812
97181411,2,8,16,37.68293166044363,0.014201564355909406,167.8608987320357,143.1754092616724
97191118,2,8,16,41.619610051913156,0.007950607085482855,161.12801632637962,124.2993346492715
97215565,2,9,16,39.39302172751735,0.006364924380660747,145.9684332230411,123.90585019444458
97276480,2,3,11,45.32051953701704,0.13667139152251923,148.30302070029242,156.78591093844446
97289844,2,1,8,42.37710234669191,0.118213999293747,148.21822120636074,124.38765211011136
97370607,2,1,9,40.65197912662197,0.09176394580504806,154.91085360205085,156.60570217898507
97345911,2,2,9,52.807049451832256,0.2689761413337673,143.06791021139284,126.36889434083888
97471319,2,2,10,39.69317905069492,0.02808568060357007,153.4686649697103,117.95283671149984
97462821,2,8,16,51.18446026935132,0.3098288407144514,164.02321646058488,134.52365479269338
97553902,2,7,15,46.34604731317823,0.11620448712755663,159.6499946351543,156.3788473504135
97553883,2,8,16,51.190806308067124,0.3062202029525302,149.3601912760142,114.34413534717297
97572907,2,2,9,37.11503121987967,0.029276758328773734,144.16234438805373,128.91848633257277
97717259,2,3,11,40.32041236755025,0.00607165673640184,139.20384362717587,177.18954979703923
97827015,2,1,8,32.71998724607211,0.1076067247434886,140.52432371389568,111.31434634462089
97936235,2,8,16,41.50936447385314,0.014741406529474133,149.61128836965705,113.3662420842761
97905489,2,2,9,24.417828977913867,0.6908256221601451,142.35333756629237,147.02243895301902
98043508,2,3,11,42.48274683170469,0.06995463853551069,137.48374263794383,176.35677059344334
98092854,2,8,15,48.45078991885934,0.021965731280059488,111.12744444599909,86.61701713652049
98277698,2,7,15,41.10198335954148,0.029380800809472737,138.84303325542143,105.33454889176232
98374376,2,3,11,44.014987690489164,0.2066054783440562,126.60582287798469,162.65758753969044
98331781,2,6,15,37.396089987611745,0.038262928082140345,131.00240394954443,103.86083857448463
98339772,2,3,11,38.5523841591071,0.04026963826603358,155.76973845746105,119.0843336291129
98420551,2,2,10,42.06493951617534,0.04982765593382036,161.9729313520614,151.6932831852526
98512093,2,2,10,36.1404154334944,0.014465763290929011,161.7236089611405,122.3854593828403
98556834,2,3,11,89.27647299660276,0.3667288344132497,140.4139486584728,175.01841500676935
98548541,2,1,9,37.4464603596264,0.007355982306704458,151.28701302715604,114.84968991462361
98669364,2,8,16,47.43480380595827,0.22281648567926404,177.88875872844787,139.051676077679
98616150,2,7,16,54.885887036453866,0.14436287731374547,133.0355179673292,106.98467291226787
98625610,2,7,15,43.06284586649923,0.04399659170435769,163.37962423452038,133.13768578610694
98665190,2,4,10,50.16708546070382,0.49953637508063764,107.88901228412604,84.40621067351178
98633576,2,7,15,35.53434931802753,0.04867897418062287,153.73818936636076,157.78392835483905
98764157,2,2,10,38.32743260569302,0.021902742799676737,163.21182911624382,151.8596368506659
98745828,2,1,9,37.33488660419876,0.04561296885052101,138.74791605107873,105.15284988635541
98762653,2,8,15,54.47871653544023,0.24832933863066606,153.99771020099917,155.46893226246732
98799106,2,5,10,25.958744070532738,0.5768084604654546,103.90587142913827,90.93789926163537
98878008,2,2,11,14.736752512363717,0.31638769246080445,107.56293647383515,140.98454076173803
99003240,2,2,10,40.671134703447926,0.11987507024185239,156.681530336718,158.8651178898988
99076980,2,2,10,41.04031809748243,0.01546517223628575,143.07170344488466,172.39574859710106
99087220,2,3,10,32.702042522752556,0.3670625440518667,138.43368038868334,164.05917430796316
99171566,2,1,9,38.0190330261153,0.01801213848030121,131.69938154016785,100.35671357146082
99294634,2,1,9,41.45650063906524,0.002154147311787827,163.09072528758182,123.89180852325437
99464751,2,1,10,27.280120024369488,0.8290010568744174,145.39261236217766,162.62122451411057
99448629,2,1,2,50.55032227239063,0.03383728531760889,21.010169309311546,16.576737759061363
99414935,2,7,16,41.73815722188236,0.12571090862540088,133.74207137693665,135.29858223797785
99640626,2,2,3,81.73372154342192,0.35985828468154074,16.499347351700454,13.608171783953402
99708994,2,1,9,37.45514805541977,0.046790158122028754,152.7919224491433,162.34225196355536
99790304,2,3,11,37.16131473945957,0.009430794420579132,134.07002974562502,102.03195391823196
99870000,2,2,10,31.54754421586574,0.45345060514166946,169.2533768097951,148.31969319516827
99865503,2,3,10,39.064208875339055,0.005484707440099484,146.40790135444257,132.42184078285143
99838512,2,2,10,40.039540848388796,0.12859565650348592,144.04493746161452,109.08747810320091
99971401,2,8,16,44.26543723534692,0.0643048082674093,169.82119836099454,128.84982585594207
99921196,2,7,15,41.87337450039814,0.21072774643131403,147.43225471182856,159.3981077171629
99901099,2,2,10,36.68369164514726,0.6839364573145079,170.80789416869789,143.9675755263092
99930408,2,7,14,36.47257666384772,0.03325832334336804,139.1752394378255,136.19264652566764
99997600,2,1,9,24.279253781731978,0.791421986060412,166.7015525753003,148.3921858362032
99989270,2,7,16,38.498147176564146,0.0021001426665315324,109.66778355730881,85.35966019965421
99983413,2,1,10,40.86572982310916,0.1059383367719402,128.56802475252368,138.35445444269962
